timestamp,benchmark_level,index_type,workload,dataset_size,repetition,operations,elapsed_ns,elapsed_ms,avg_ns_per_op,ops_per_sec,memory_bytes,memory_mb,notes
"2026-07-16T00:38:31.440050607Z","dbms-level","BTREE","dbms_safe_batch_insert_sequential",1000,1,1000,1234706,1.234706,1234.706,809909.4035341208,0,0.0,"DBMS-level safe batch insert through db.insert(table, List<Row>)"
"2026-07-16T00:38:31.443441357Z","dbms-level","BTREE","dbms_safe_batch_insert_random",1000,1,1000,1401306,1.401306,1401.306,713620.0087632537,0,0.0,"DBMS-level safe batch insert through db.insert(table, List<Row>)"
"2026-07-16T00:38:31.470458110Z","dbms-level","BTREE","dbms_equality_search_primary_key",1000,1,1000,23906544,23.906544,23906.544,41829.55093801932,0,0.0,"SELECT by indexed primary key username"
"2026-07-16T00:38:31.805659965Z","dbms-level","BTREE","dbms_duplicate_equality_search_secondary_index",1000,1,1000,328527557,328.527557,328527.557,3043.8846869701097,0,0.0,"SELECT by indexed non-unique age column"
"2026-07-16T00:38:32.035499107Z","dbms-level","BTREE","dbms_range_search_secondary_index",1000,1,200,225924135,225.924135,1129620.675,885.2529190827709,0,0.0,"Range WHERE on indexed age column"
"2026-07-16T00:38:32.042075756Z","dbms-level","BTREE","dbms_delete_by_primary_key",1000,1,100,2673851,2.673851,26738.51,37399.2417677724,0,0.0,"DELETE by indexed primary key username"
"2026-07-16T00:38:32.261022313Z","dbms-level","BTREE","dbms_memory_after_build",1000,1,1000,3798087,3.798087,3798.087,263290.4406876409,727592,0.6938858032226562,"approximate heap delta after building populated DBMS; includes DBMS/cache/pages/index structures"
"2026-07-16T00:38:32.264833621Z","dbms-level","SKIPLIST","dbms_safe_batch_insert_sequential",1000,1,1000,1450765,1.450765,1450.765,689291.511719679,0,0.0,"DBMS-level safe batch insert through db.insert(table, List<Row>)"
"2026-07-16T00:38:32.268650738Z","dbms-level","SKIPLIST","dbms_safe_batch_insert_random",1000,1,1000,1875294,1.875294,1875.294,533249.7197772722,0,0.0,"DBMS-level safe batch insert through db.insert(table, List<Row>)"
"2026-07-16T00:38:32.300671646Z","dbms-level","SKIPLIST","dbms_equality_search_primary_key",1000,1,1000,28787688,28.787688,28787.688,34737.072320639294,0,0.0,"SELECT by indexed primary key username"
"2026-07-16T00:38:32.615823814Z","dbms-level","SKIPLIST","dbms_duplicate_equality_search_secondary_index",1000,1,1000,309196967,309.196967,309196.967,3234.1843767180294,0,0.0,"SELECT by indexed non-unique age column"
"2026-07-16T00:38:32.853059233Z","dbms-level","SKIPLIST","dbms_range_search_secondary_index",1000,1,200,233723440,233.72344,1168617.2,855.7122041332268,0,0.0,"Range WHERE on indexed age column"
"2026-07-16T00:38:32.860131920Z","dbms-level","SKIPLIST","dbms_delete_by_primary_key",1000,1,100,3083640,3.08364,30836.4,32429.207041029433,0,0.0,"DELETE by indexed primary key username"
"2026-07-16T00:38:33.080234733Z","dbms-level","SKIPLIST","dbms_memory_after_build",1000,1,1000,4010707,4.010707,4010.707,249332.59896571853,1087728,1.0373382568359375,"approximate heap delta after building populated DBMS; includes DBMS/cache/pages/index structures"
"2026-07-16T00:38:33.084057741Z","dbms-level","HASH_INDEX","dbms_safe_batch_insert_sequential",1000,1,1000,1020126,1.020126,1020.126,980271.0645547706,0,0.0,"DBMS-level safe batch insert through db.insert(table, List<Row>)"
"2026-07-16T00:38:33.087258231Z","dbms-level","HASH_INDEX","dbms_safe_batch_insert_random",1000,1,1000,1242226,1.242226,1242.226,805006.496402426,0,0.0,"DBMS-level safe batch insert through db.insert(table, List<Row>)"
"2026-07-16T00:38:33.138517096Z","dbms-level","HASH_INDEX","dbms_equality_search_primary_key",1000,1,1000,48322045,48.322045,48322.045,20694.488405861135,0,0.0,"SELECT by indexed primary key username"
"2026-07-16T00:38:33.450692054Z","dbms-level","HASH_INDEX","dbms_duplicate_equality_search_secondary_index",1000,1,1000,306845945,306.845945,306845.945,3258.9643640231257,0,0.0,"SELECT by indexed non-unique age column"
"2026-07-16T00:38:33.675733372Z","dbms-level","HASH_INDEX","dbms_range_search_secondary_index",1000,1,200,222010578,222.010578,1110052.89,900.857976235709,0,0.0,"Range WHERE on Hash Index uses fallback behavior"
"2026-07-16T00:38:33.685184621Z","dbms-level","HASH_INDEX","dbms_delete_by_primary_key",1000,1,100,5694202,5.694202,56942.02,17561.723310834426,0,0.0,"DELETE by indexed primary key username"
"2026-07-16T00:38:33.907520048Z","dbms-level","HASH_INDEX","dbms_memory_after_build",1000,1,1000,3571409,3.571409,3571.409,280001.53440840857,744752,0.7102508544921875,"approximate heap delta after building populated DBMS; includes DBMS/cache/pages/index structures"
"2026-07-16T00:38:33.911648385Z","dbms-level","RED_BLACK_TREE","dbms_safe_batch_insert_sequential",1000,1,1000,1523575,1.523575,1523.575,656351.0165236368,0,0.0,"DBMS-level safe batch insert through db.insert(table, List<Row>)"
"2026-07-16T00:38:33.914818295Z","dbms-level","RED_BLACK_TREE","dbms_safe_batch_insert_random",1000,1,1000,1369136,1.369136,1369.136,730387.6313236961,0,0.0,"DBMS-level safe batch insert through db.insert(table, List<Row>)"
"2026-07-16T00:38:33.945807835Z","dbms-level","RED_BLACK_TREE","dbms_equality_search_primary_key",1000,1,1000,28117349,28.117349,28117.349,35565.230562810175,0,0.0,"SELECT by indexed primary key username"
"2026-07-16T00:38:34.251019376Z","dbms-level","RED_BLACK_TREE","dbms_duplicate_equality_search_secondary_index",1000,1,1000,299667598,299.667598,299667.598,3337.0307856907507,0,0.0,"SELECT by indexed non-unique age column"
"2026-07-16T00:38:34.489210511Z","dbms-level","RED_BLACK_TREE","dbms_range_search_secondary_index",1000,1,200,234838766,234.838766,1174193.83,851.6481473931779,0,0.0,"Range WHERE on indexed age column"
"2026-07-16T00:38:34.495490681Z","dbms-level","RED_BLACK_TREE","dbms_delete_by_primary_key",1000,1,100,2659541,2.659541,26595.41,37600.4731643543,0,0.0,"DELETE by indexed primary key username"
"2026-07-16T00:38:34.717123739Z","dbms-level","RED_BLACK_TREE","dbms_memory_after_build",1000,1,1000,3622578,3.622578,3622.578,276046.5061069768,757288,0.7222061157226562,"approximate heap delta after building populated DBMS; includes DBMS/cache/pages/index structures"
"2026-07-16T00:38:34.732988079Z","dbms-level","BTREE","dbms_safe_batch_insert_sequential",5000,1,5000,7280846,7.280846,1456.1692,686733.3823569404,0,0.0,"DBMS-level safe batch insert through db.insert(table, List<Row>)"
"2026-07-16T00:38:34.754054841Z","dbms-level","BTREE","dbms_safe_batch_insert_random",5000,1,5000,9808579,9.808579,1961.7158,509757.83546220104,0,0.0,"DBMS-level safe batch insert through db.insert(table, List<Row>)"
"2026-07-16T00:38:34.814419087Z","dbms-level","BTREE","dbms_equality_search_primary_key",5000,1,1000,36688252,36.688252,36688.252,27256.68151210911,0,0.0,"SELECT by indexed primary key username"
"2026-07-16T00:38:36.219786797Z","dbms-level","BTREE","dbms_duplicate_equality_search_secondary_index",5000,1,1000,1384366817,1384.366817,1384366.817,722.3518995977205,0,0.0,"SELECT by indexed non-unique age column"
"2026-07-16T00:38:41.800034178Z","dbms-level","BTREE","dbms_range_search_secondary_index",5000,1,200,5568759088,5568.759088,2.784379544E7,35.91464396996015,0,0.0,"Range WHERE on indexed age column"
"2026-07-16T00:38:41.830904538Z","dbms-level","BTREE","dbms_delete_by_primary_key",5000,1,500,15892469,15.892469,31784.938,31461.442523499652,0,0.0,"DELETE by indexed primary key username"
"2026-07-16T00:38:42.083258829Z","dbms-level","BTREE","dbms_memory_after_build",5000,1,5000,32046887,32.046887,6409.3774,156021.3945273374,3537784,3.3738937377929688,"approximate heap delta after building populated DBMS; includes DBMS/cache/pages/index structures"
"2026-07-16T00:38:42.100948102Z","dbms-level","SKIPLIST","dbms_safe_batch_insert_sequential",5000,1,5000,8928382,8.928382,1785.6764,560011.8812120717,0,0.0,"DBMS-level safe batch insert through db.insert(table, List<Row>)"
"2026-07-16T00:38:42.131030595Z","dbms-level","SKIPLIST","dbms_safe_batch_insert_random",5000,1,5000,16219328,16.219328,3243.8656,308274.1775738181,0,0.0,"DBMS-level safe batch insert through db.insert(table, List<Row>)"
"2026-07-16T00:38:42.174509446Z","dbms-level","SKIPLIST","dbms_equality_search_primary_key",5000,1,1000,19838747,19.838747,19838.747,50406.409235421976,0,0.0,"SELECT by indexed primary key username"
"2026-07-16T00:38:43.607763706Z","dbms-level","SKIPLIST","dbms_duplicate_equality_search_secondary_index",5000,1,1000,1418609147,1418.609147,1418609.147,704.915798770047,0,0.0,"SELECT by indexed non-unique age column"
"2026-07-16T00:38:49.362217377Z","dbms-level","SKIPLIST","dbms_range_search_secondary_index",5000,1,200,5739187360,5739.18736,2.86959368E7,34.84813919718418,0,0.0,"Range WHERE on indexed age column"
"2026-07-16T00:38:49.398656250Z","dbms-level","SKIPLIST","dbms_delete_by_primary_key",5000,1,500,22229749,22.229749,44459.498,22492.381717850254,0,0.0,"DELETE by indexed primary key username"
"2026-07-16T00:38:49.647243833Z","dbms-level","SKIPLIST","dbms_memory_after_build",5000,1,5000,21255402,21.255402,4251.0804,235234.31831588037,5344600,5.097007751464844,"approximate heap delta after building populated DBMS; includes DBMS/cache/pages/index structures"
"2026-07-16T00:38:49.662345014Z","dbms-level","HASH_INDEX","dbms_safe_batch_insert_sequential",5000,1,5000,6689779,6.689779,1337.9558,747408.8456434809,0,0.0,"DBMS-level safe batch insert through db.insert(table, List<Row>)"
"2026-07-16T00:38:49.683548946Z","dbms-level","HASH_INDEX","dbms_safe_batch_insert_random",5000,1,5000,9052371,9.052371,1810.4742,552341.4804806387,0,0.0,"DBMS-level safe batch insert through db.insert(table, List<Row>)"
"2026-07-16T00:38:49.819962618Z","dbms-level","HASH_INDEX","dbms_equality_search_primary_key",5000,1,1000,120986101,120.986101,120986.101,8265.41223937781,0,0.0,"SELECT by indexed primary key username"
"2026-07-16T00:38:51.154341586Z","dbms-level","HASH_INDEX","dbms_duplicate_equality_search_secondary_index",5000,1,1000,1321913178,1321.913178,1321913.178,756.4793336223175,0,0.0,"SELECT by indexed non-unique age column"
"2026-07-16T00:38:56.475999046Z","dbms-level","HASH_INDEX","dbms_range_search_secondary_index",5000,1,200,5311686312,5311.686312,2.655843156E7,37.65282591107952,0,0.0,"Range WHERE on Hash Index uses fallback behavior"
"2026-07-16T00:38:56.582047536Z","dbms-level","HASH_INDEX","dbms_delete_by_primary_key",5000,1,500,93955299,93.955299,187910.598,5321.679621284586,0,0.0,"DELETE by indexed primary key username"
"2026-07-16T00:38:56.808445809Z","dbms-level","HASH_INDEX","dbms_memory_after_build",5000,1,5000,12430430,12.43043,2486.086,402238.6997070898,3623232,3.45538330078125,"approximate heap delta after building populated DBMS; includes DBMS/cache/pages/index structures"
"2026-07-16T00:38:56.825110586Z","dbms-level","RED_BLACK_TREE","dbms_safe_batch_insert_sequential",5000,1,5000,7908964,7.908964,1581.7928,632194.0522172058,0,0.0,"DBMS-level safe batch insert through db.insert(table, List<Row>)"
"2026-07-16T00:38:56.846396827Z","dbms-level","RED_BLACK_TREE","dbms_safe_batch_insert_random",5000,1,5000,10615196,10.615196,2123.0392,471022.8619424455,0,0.0,"DBMS-level safe batch insert through db.insert(table, List<Row>)"
"2026-07-16T00:38:56.889743168Z","dbms-level","RED_BLACK_TREE","dbms_equality_search_primary_key",5000,1,1000,21036222,21.036222,21036.222,47537.052993641155,0,0.0,"SELECT by indexed primary key username"
"2026-07-16T00:38:58.357982356Z","dbms-level","RED_BLACK_TREE","dbms_duplicate_equality_search_secondary_index",5000,1,1000,1455489439,1455.489439,1455489.439,687.0541092260031,0,0.0,"SELECT by indexed non-unique age column"
"2026-07-16T00:39:04.151352053Z","dbms-level","RED_BLACK_TREE","dbms_range_search_secondary_index",5000,1,200,5781019197,5781.019197,2.8905095985E7,34.5959757587015,0,0.0,"Range WHERE on indexed age column"
"2026-07-16T00:39:04.184610606Z","dbms-level","RED_BLACK_TREE","dbms_delete_by_primary_key",5000,1,500,17919613,17.919613,35839.226,27902.38829376505,0,0.0,"DELETE by indexed primary key username"
"2026-07-16T00:39:04.411986116Z","dbms-level","RED_BLACK_TREE","dbms_memory_after_build",5000,1,5000,13980295,13.980295,2796.059,357646.2442316131,3677184,3.5068359375,"approximate heap delta after building populated DBMS; includes DBMS/cache/pages/index structures"
"2026-07-16T00:39:04.444288953Z","dbms-level","BTREE","dbms_safe_batch_insert_sequential",10000,1,10000,17445684,17.445684,1744.5684,573207.6770392035,0,0.0,"DBMS-level safe batch insert through db.insert(table, List<Row>)"
"2026-07-16T00:39:04.491830070Z","dbms-level","BTREE","dbms_safe_batch_insert_random",10000,1,10000,25601648,25.601648,2560.1648,390599.8551343257,0,0.0,"DBMS-level safe batch insert through db.insert(table, List<Row>)"
"2026-07-16T00:39:04.544946660Z","dbms-level","BTREE","dbms_equality_search_primary_key",10000,1,1000,24696321,24.696321,24696.321,40491.86111566982,0,0.0,"SELECT by indexed primary key username"
"2026-07-16T00:39:07.169268317Z","dbms-level","BTREE","dbms_duplicate_equality_search_secondary_index",10000,1,1000,2581668824,2581.668824,2581668.824,387.34635159385573,0,0.0,"SELECT by indexed non-unique age column"
"2026-07-16T00:39:31.699967308Z","dbms-level","BTREE","dbms_range_search_secondary_index",10000,1,200,24506415619,24506.415619,1.22532078095E8,8.16112821676535,0,0.0,"Range WHERE on indexed age column"
"2026-07-16T00:39:31.767252492Z","dbms-level","BTREE","dbms_delete_by_primary_key",10000,1,1000,37819438,37.819438,37819.438,26441.429404635786,0,0.0,"DELETE by indexed primary key username"
"2026-07-16T00:39:32.034549954Z","dbms-level","BTREE","dbms_memory_after_build",10000,1,10000,47655587,47.655587,4765.5587,209838.98488124803,7056424,6.729530334472656,"approximate heap delta after building populated DBMS; includes DBMS/cache/pages/index structures"
"2026-07-16T00:39:32.075586532Z","dbms-level","SKIPLIST","dbms_safe_batch_insert_sequential",10000,1,10000,24384812,24.384812,2438.4812,410091.33062005974,0,0.0,"DBMS-level safe batch insert through db.insert(table, List<Row>)"
"2026-07-16T00:39:32.121159006Z","dbms-level","SKIPLIST","dbms_safe_batch_insert_random",10000,1,10000,25688618,25.688618,2568.8618,389277.46132547886,0,0.0,"DBMS-level safe batch insert through db.insert(table, List<Row>)"
"2026-07-16T00:39:32.178619812Z","dbms-level","SKIPLIST","dbms_equality_search_primary_key",10000,1,1000,24213843,24.213843,24213.843,41298.69017487228,0,0.0,"SELECT by indexed primary key username"
"2026-07-16T00:39:34.928435806Z","dbms-level","SKIPLIST","dbms_duplicate_equality_search_secondary_index",10000,1,1000,2704694789,2704.694789,2704694.789,369.7274842496101,0,0.0,"SELECT by indexed non-unique age column"
"2026-07-16T00:39:59.471122179Z","dbms-level","SKIPLIST","dbms_range_search_secondary_index",10000,1,200,24516678906,24516.678906,1.2258339453E8,8.157711767031126,0,0.0,"Range WHERE on indexed age column"
"2026-07-16T00:39:59.547968612Z","dbms-level","SKIPLIST","dbms_delete_by_primary_key",10000,1,1000,46453261,46.453261,46453.261,21527.014002310836,0,0.0,"DELETE by indexed primary key username"
"2026-07-16T00:39:59.804017190Z","dbms-level","SKIPLIST","dbms_memory_after_build",10000,1,10000,49123802,49.123802,4912.3802,203567.3053156594,10699240,10.203590393066406,"approximate heap delta after building populated DBMS; includes DBMS/cache/pages/index structures"
"2026-07-16T00:39:59.841021121Z","dbms-level","HASH_INDEX","dbms_safe_batch_insert_sequential",10000,1,10000,16956245,16.956245,1695.6245,589753.2148184931,0,0.0,"DBMS-level safe batch insert through db.insert(table, List<Row>)"
"2026-07-16T00:39:59.866703159Z","dbms-level","HASH_INDEX","dbms_safe_batch_insert_random",10000,1,10000,11532873,11.532873,1153.2873,867086.6314057217,0,0.0,"DBMS-level safe batch insert through db.insert(table, List<Row>)"
"2026-07-16T00:40:00.211441263Z","dbms-level","HASH_INDEX","dbms_equality_search_primary_key",10000,1,1000,311672600,311.6726,311672.6,3208.49506822223,0,0.0,"SELECT by indexed primary key username"
"2026-07-16T00:40:02.874901004Z","dbms-level","HASH_INDEX","dbms_duplicate_equality_search_secondary_index",10000,1,1000,2626478180,2626.47818,2626478.18,380.73798123082065,0,0.0,"SELECT by indexed non-unique age column"
"2026-07-16T00:40:25.301300499Z","dbms-level","HASH_INDEX","dbms_range_search_secondary_index",10000,1,200,22404703294,22404.703294,1.1202351647E8,8.926697103530051,0,0.0,"Range WHERE on Hash Index uses fallback behavior"
"2026-07-16T00:40:25.649361132Z","dbms-level","HASH_INDEX","dbms_delete_by_primary_key",10000,1,1000,325999504,325.999504,325999.504,3067.489329677017,0,0.0,"DELETE by indexed primary key username"
"2026-07-16T00:40:25.899995797Z","dbms-level","HASH_INDEX","dbms_memory_after_build",10000,1,10000,49117552,49.117552,4911.7552,203593.20839116737,7210016,6.876007080078125,"approximate heap delta after building populated DBMS; includes DBMS/cache/pages/index structures"
"2026-07-16T00:40:25.944826793Z","dbms-level","RED_BLACK_TREE","dbms_safe_batch_insert_sequential",10000,1,10000,22909287,22.909287,2290.9287,436504.2002398416,0,0.0,"DBMS-level safe batch insert through db.insert(table, List<Row>)"
"2026-07-16T00:40:25.974372669Z","dbms-level","RED_BLACK_TREE","dbms_safe_batch_insert_random",10000,1,10000,18791109,18.791109,1879.1109,532166.5687746264,0,0.0,"DBMS-level safe batch insert through db.insert(table, List<Row>)"
"2026-07-16T00:40:26.045962899Z","dbms-level","RED_BLACK_TREE","dbms_equality_search_primary_key",10000,1,1000,34183800,34.1838,34183.8,29253.62306121613,0,0.0,"SELECT by indexed primary key username"
"2026-07-16T00:40:28.670460836Z","dbms-level","RED_BLACK_TREE","dbms_duplicate_equality_search_secondary_index",10000,1,1000,2582269543,2582.269543,2582269.543,387.25624236663975,0,0.0,"SELECT by indexed non-unique age column"
"2026-07-16T00:40:51.505314369Z","dbms-level","RED_BLACK_TREE","dbms_range_search_secondary_index",10000,1,200,22810555491,22810.555491,1.14052777455E8,8.767870650011607,0,0.0,"Range WHERE on indexed age column"
"2026-07-16T00:40:51.572742353Z","dbms-level","RED_BLACK_TREE","dbms_delete_by_primary_key",10000,1,1000,37604279,37.604279,37604.279,26592.718344633067,0,0.0,"DELETE by indexed primary key username"
"2026-07-16T00:40:51.828703781Z","dbms-level","RED_BLACK_TREE","dbms_memory_after_build",10000,1,10000,53622048,53.622048,5362.2048,186490.45258398188,7330120,6.990547180175781,"approximate heap delta after building populated DBMS; includes DBMS/cache/pages/index structures"
"2026-07-16T00:40:52.020760845Z","dbms-level","BTREE","dbms_safe_batch_insert_sequential",50000,1,50000,114892012,114.892012,2297.84024,435191.2646459703,0,0.0,"DBMS-level safe batch insert through db.insert(table, List<Row>)"
"2026-07-16T00:40:52.224224772Z","dbms-level","BTREE","dbms_safe_batch_insert_random",50000,1,50000,105075973,105.075973,2101.51946,475846.17655646167,0,0.0,"DBMS-level safe batch insert through db.insert(table, List<Row>)"
"2026-07-16T00:40:52.400337827Z","dbms-level","BTREE","dbms_equality_search_primary_key",50000,1,1000,29517426,29.517426,29517.426,33878.29277525757,0,0.0,"SELECT by indexed primary key username"
"2026-07-16T00:41:05.862554001Z","dbms-level","BTREE","dbms_duplicate_equality_search_secondary_index",50000,1,1000,13249699726,13249.699726,1.3249699726E7,75.47340850583137,0,0.0,"SELECT by indexed non-unique age column"
"2026-07-16T00:51:14.222844818Z","dbms-level","BTREE","dbms_range_search_secondary_index",50000,1,200,608230530514,608230.530514,3.04115265257E9,0.32882269134202313,0,0.0,"Range WHERE on indexed age column"
"2026-07-16T00:51:14.449585901Z","dbms-level","BTREE","dbms_delete_by_primary_key",50000,1,1000,97499697,97.499697,97499.697,10256.44213027657,0,0.0,"DELETE by indexed primary key username"
"2026-07-16T00:51:14.816986101Z","dbms-level","BTREE","dbms_memory_after_build",50000,1,50000,142667222,142.667222,2853.34444,350465.9255228226,29592296,28.221412658691406,"approximate heap delta after building populated DBMS; includes DBMS/cache/pages/index structures"
"2026-07-16T00:51:14.990180085Z","dbms-level","SKIPLIST","dbms_safe_batch_insert_sequential",50000,1,50000,127178382,127.178382,2543.56764,393148.5777197574,0,0.0,"DBMS-level safe batch insert through db.insert(table, List<Row>)"
"2026-07-16T00:51:15.333704163Z","dbms-level","SKIPLIST","dbms_safe_batch_insert_random",50000,1,50000,177158401,177.158401,3543.16802,282233.2992269444,0,0.0,"DBMS-level safe batch insert through db.insert(table, List<Row>)"
"2026-07-16T00:51:15.563725294Z","dbms-level","SKIPLIST","dbms_equality_search_primary_key",50000,1,1000,38013637,38.013637,38013.637,26306.34895577079,0,0.0,"SELECT by indexed primary key username"
"2026-07-16T00:51:28.858064957Z","dbms-level","SKIPLIST","dbms_duplicate_equality_search_secondary_index",50000,1,1000,13092596721,13092.596721,1.3092596721E7,76.37904239393856,0,0.0,"SELECT by indexed non-unique age column"
"2026-07-16T01:01:36.403432815Z","dbms-level","SKIPLIST","dbms_range_search_secondary_index",50000,1,200,607199327478,607199.327478,3.03599663739E9,0.32938112897901123,0,0.0,"Range WHERE on indexed age column"
"2026-07-16T01:01:36.793734699Z","dbms-level","SKIPLIST","dbms_delete_by_primary_key",50000,1,1000,243128351,243.128351,243128.351,4113.053849487097,0,0.0,"DELETE by indexed primary key username"
"2026-07-16T01:01:37.479397597Z","dbms-level","SKIPLIST","dbms_memory_after_build",50000,1,50000,465581745,465.581745,9311.6349,107392.5267409271,47052960,44.873199462890625,"approximate heap delta after building populated DBMS; includes DBMS/cache/pages/index structures"
"2026-07-16T01:01:37.608973834Z","dbms-level","HASH_INDEX","dbms_safe_batch_insert_sequential",50000,1,50000,76162708,76.162708,1523.25416,656489.2624353641,0,0.0,"DBMS-level safe batch insert through db.insert(table, List<Row>)"
"2026-07-16T01:01:37.827262903Z","dbms-level","HASH_INDEX","dbms_safe_batch_insert_random",50000,1,50000,77678342,77.678342,1553.56684,643680.062069296,0,0.0,"DBMS-level safe batch insert through db.insert(table, List<Row>)"
"2026-07-16T01:01:39.747895544Z","dbms-level","HASH_INDEX","dbms_equality_search_primary_key",50000,1,1000,1753996597,1753.996597,1753996.597,570.1265337175565,0,0.0,"SELECT by indexed primary key username"
"2026-07-16T01:01:53.117076378Z","dbms-level","HASH_INDEX","dbms_duplicate_equality_search_secondary_index",50000,1,1000,13232928822,13232.928822,1.3232928822E7,75.56906059507254,0,0.0,"SELECT by indexed non-unique age column"
"2026-07-16T01:11:01.462539863Z","dbms-level","HASH_INDEX","dbms_range_search_secondary_index",50000,1,200,548240792289,548240.792289,2.741203961445E9,0.3648032083949198,0,0.0,"Range WHERE on Hash Index uses fallback behavior"
"2026-07-16T01:11:03.206185734Z","dbms-level","HASH_INDEX","dbms_delete_by_primary_key",50000,1,1000,1638941816,1638.941816,1638941.816,610.1497870379554,0,0.0,"DELETE by indexed primary key username"
"2026-07-16T01:11:03.559738643Z","dbms-level","HASH_INDEX","dbms_memory_after_build",50000,1,50000,127183013,127.183013,2543.66026,393134.26235624717,30375880,28.96869659423828,"approximate heap delta after building populated DBMS; includes DBMS/cache/pages/index structures"
"2026-07-16T01:11:03.726558870Z","dbms-level","RED_BLACK_TREE","dbms_safe_batch_insert_sequential",50000,1,50000,118108622,118.108622,2362.17244,423339.1191372972,0,0.0,"DBMS-level safe batch insert through db.insert(table, List<Row>)"
"2026-07-16T01:11:03.988056593Z","dbms-level","RED_BLACK_TREE","dbms_safe_batch_insert_random",50000,1,50000,129826875,129.826875,2596.5375,385128.27178502135,0,0.0,"DBMS-level safe batch insert through db.insert(table, List<Row>)"
"2026-07-16T01:11:04.211160820Z","dbms-level","RED_BLACK_TREE","dbms_equality_search_primary_key",50000,1,1000,40920680,40.92068,40920.68,24437.52156611278,0,0.0,"SELECT by indexed primary key username"
"2026-07-16T01:11:16.992230609Z","dbms-level","RED_BLACK_TREE","dbms_duplicate_equality_search_secondary_index",50000,1,1000,12637563249,12637.563249,1.2637563249E7,79.12917864756318,0,0.0,"SELECT by indexed non-unique age column"
"2026-07-16T01:21:41.781232702Z","dbms-level","RED_BLACK_TREE","dbms_range_search_secondary_index",50000,1,200,624655766720,624655.76672,3.1232788336E9,0.320176344565229,0,0.0,"Range WHERE on indexed age column"
"2026-07-16T01:21:42.114870415Z","dbms-level","RED_BLACK_TREE","dbms_delete_by_primary_key",50000,1,1000,191190029,191.190029,191190.029,5230.398286094721,0,0.0,"DELETE by indexed primary key username"
"2026-07-16T01:21:42.518808462Z","dbms-level","RED_BLACK_TREE","dbms_memory_after_build",50000,1,50000,178623849,178.623849,3572.47698,279917.828889691,30965792,29.531280517578125,"approximate heap delta after building populated DBMS; includes DBMS/cache/pages/index structures"
"2026-07-16T01:21:42.528297702Z","dbms-level","BTREE","dbms_safe_batch_insert_sequential",1000,2,1000,4818105,4.818105,4818.105,207550.4788708424,0,0.0,"DBMS-level safe batch insert through db.insert(table, List<Row>)"
"2026-07-16T01:21:42.537655342Z","dbms-level","BTREE","dbms_safe_batch_insert_random",1000,2,1000,4205086,4.205086,4205.086,237807.26482169447,0,0.0,"DBMS-level safe batch insert through db.insert(table, List<Row>)"
"2026-07-16T01:21:42.642176588Z","dbms-level","BTREE","dbms_equality_search_primary_key",1000,2,1000,94200359,94.200359,94200.359,10615.670795904292,0,0.0,"SELECT by indexed primary key username"
"2026-07-16T01:21:43.002618574Z","dbms-level","BTREE","dbms_duplicate_equality_search_secondary_index",1000,2,1000,352825811,352.825811,352825.811,2834.2597645159244,0,0.0,"SELECT by indexed non-unique age column"
"2026-07-16T01:21:43.232679088Z","dbms-level","BTREE","dbms_range_search_secondary_index",1000,2,200,225048140,225.04814,1125240.7,888.698746854784,0,0.0,"Range WHERE on indexed age column"
"2026-07-16T01:21:43.248796467Z","dbms-level","BTREE","dbms_delete_by_primary_key",1000,2,100,11303223,11.303223,113032.23,8847.03416007983,0,0.0,"DELETE by indexed primary key username"
"2026-07-16T01:21:43.467398007Z","dbms-level","BTREE","dbms_memory_after_build",1000,2,1000,3751508,3.751508,3751.508,266559.4742167683,727592,0.6938858032226562,"approximate heap delta after building populated DBMS; includes DBMS/cache/pages/index structures"
"2026-07-16T01:21:43.477019637Z","dbms-level","SKIPLIST","dbms_safe_batch_insert_sequential",1000,2,1000,6564819,6.564819,6564.819,152327.12432741863,0,0.0,"DBMS-level safe batch insert through db.insert(table, List<Row>)"
"2026-07-16T01:21:43.490241644Z","dbms-level","SKIPLIST","dbms_safe_batch_insert_random",1000,2,1000,7298857,7.298857,7298.857,137007.753405773,0,0.0,"DBMS-level safe batch insert through db.insert(table, List<Row>)"
"2026-07-16T01:21:43.602579095Z","dbms-level","SKIPLIST","dbms_equality_search_primary_key",1000,2,1000,103157290,103.15729,103157.29,9693.934379237764,0,0.0,"SELECT by indexed primary key username"
"2026-07-16T01:21:43.970410118Z","dbms-level","SKIPLIST","dbms_duplicate_equality_search_secondary_index",1000,2,1000,357170787,357.170787,357170.787,2799.7810470429094,0,0.0,"SELECT by indexed non-unique age column"
"2026-07-16T01:21:44.207941258Z","dbms-level","SKIPLIST","dbms_range_search_secondary_index",1000,2,200,233670542,233.670542,1168352.71,855.905919026798,0,0.0,"Range WHERE on indexed age column"
"2026-07-16T01:21:44.217314288Z","dbms-level","SKIPLIST","dbms_delete_by_primary_key",1000,2,100,4991294,4.991294,49912.94,20034.88474131157,0,0.0,"DELETE by indexed primary key username"
"2026-07-16T01:21:44.433499367Z","dbms-level","SKIPLIST","dbms_memory_after_build",1000,2,1000,3839798,3.839798,3839.798,260430.36638906525,1085048,1.0347824096679688,"approximate heap delta after building populated DBMS; includes DBMS/cache/pages/index structures"
"2026-07-16T01:21:44.438254081Z","dbms-level","HASH_INDEX","dbms_safe_batch_insert_sequential",1000,2,1000,1774475,1.774475,1774.475,563546.964595162,0,0.0,"DBMS-level safe batch insert through db.insert(table, List<Row>)"
"2026-07-16T01:21:44.446114196Z","dbms-level","HASH_INDEX","dbms_safe_batch_insert_random",1000,2,1000,2800231,2.800231,2800.231,357113.3952877459,0,0.0,"DBMS-level safe batch insert through db.insert(table, List<Row>)"
"2026-07-16T01:21:44.588812840Z","dbms-level","HASH_INDEX","dbms_equality_search_primary_key",1000,2,1000,134280581,134.280581,134280.581,7447.093187659055,0,0.0,"SELECT by indexed primary key username"
"2026-07-16T01:21:44.936659317Z","dbms-level","HASH_INDEX","dbms_duplicate_equality_search_secondary_index",1000,2,1000,339311705,339.311705,339311.705,2947.142657516044,0,0.0,"SELECT by indexed non-unique age column"
"2026-07-16T01:21:45.171803024Z","dbms-level","HASH_INDEX","dbms_range_search_secondary_index",1000,2,200,232126598,232.126598,1160632.99,861.5988073887164,0,0.0,"Range WHERE on Hash Index uses fallback behavior"
"2026-07-16T01:21:45.187392945Z","dbms-level","HASH_INDEX","dbms_delete_by_primary_key",1000,2,100,12090341,12.090341,120903.41,8271.06530742185,0,0.0,"DELETE by indexed primary key username"
"2026-07-16T01:21:45.405516507Z","dbms-level","HASH_INDEX","dbms_memory_after_build",1000,2,1000,5277043,5.277043,5277.043,189500.0666092734,739392,0.70513916015625,"approximate heap delta after building populated DBMS; includes DBMS/cache/pages/index structures"
"2026-07-16T01:21:45.417345309Z","dbms-level","RED_BLACK_TREE","dbms_safe_batch_insert_sequential",1000,2,1000,7686736,7.686736,7686.736,130094.22985256682,0,0.0,"DBMS-level safe batch insert through db.insert(table, List<Row>)"
"2026-07-16T01:21:45.426456040Z","dbms-level","RED_BLACK_TREE","dbms_safe_batch_insert_random",1000,2,1000,4045067,4.045067,4045.067,247214.69384808704,0,0.0,"DBMS-level safe batch insert through db.insert(table, List<Row>)"
"2026-07-16T01:21:45.472919701Z","dbms-level","RED_BLACK_TREE","dbms_equality_search_primary_key",1000,2,1000,37659659,37.659659,37659.659,26553.612713274968,0,0.0,"SELECT by indexed primary key username"
"2026-07-16T01:21:45.781157235Z","dbms-level","RED_BLACK_TREE","dbms_duplicate_equality_search_secondary_index",1000,2,1000,302078744,302.078744,302078.744,3310.3951200220827,0,0.0,"SELECT by indexed non-unique age column"
"2026-07-16T01:21:46.017273439Z","dbms-level","RED_BLACK_TREE","dbms_range_search_secondary_index",1000,2,200,232214767,232.214767,1161073.835,861.2716692560728,0,0.0,"Range WHERE on indexed age column"
"2026-07-16T01:21:46.028898392Z","dbms-level","RED_BLACK_TREE","dbms_delete_by_primary_key",1000,2,100,7458186,7.458186,74581.86,13408.086094929786,0,0.0,"DELETE by indexed primary key username"
"2026-07-16T01:21:46.243624825Z","dbms-level","RED_BLACK_TREE","dbms_memory_after_build",1000,2,1000,3818418,3.818418,3818.418,261888.5622265556,754552,0.7195968627929688,"approximate heap delta after building populated DBMS; includes DBMS/cache/pages/index structures"
"2026-07-16T01:21:46.268012417Z","dbms-level","BTREE","dbms_safe_batch_insert_sequential",5000,2,5000,15311271,15.311271,3062.2542,326556.82209530484,0,0.0,"DBMS-level safe batch insert through db.insert(table, List<Row>)"
"2026-07-16T01:21:46.295955038Z","dbms-level","BTREE","dbms_safe_batch_insert_random",5000,2,5000,12035512,12.035512,2407.1024,415437.24936670746,0,0.0,"DBMS-level safe batch insert through db.insert(table, List<Row>)"
"2026-07-16T01:21:46.364646788Z","dbms-level","BTREE","dbms_equality_search_primary_key",5000,2,1000,41234308,41.234308,41234.308,24251.649863991897,0,0.0,"SELECT by indexed primary key username"
"2026-07-16T01:21:47.750305555Z","dbms-level","BTREE","dbms_duplicate_equality_search_secondary_index",5000,2,1000,1364037026,1364.037026,1364037.026,733.1179293075875,0,0.0,"SELECT by indexed non-unique age column"
"2026-07-16T01:21:53.721512731Z","dbms-level","BTREE","dbms_range_search_secondary_index",5000,2,200,5957962318,5957.962318,2.978981159E7,33.56852382160367,0,0.0,"Range WHERE on indexed age column"
"2026-07-16T01:21:53.753040040Z","dbms-level","BTREE","dbms_delete_by_primary_key",5000,2,500,17657353,17.657353,35314.706,28316.815096804145,0,0.0,"DELETE by indexed primary key username"
"2026-07-16T01:21:54.008183404Z","dbms-level","BTREE","dbms_memory_after_build",5000,2,5000,34990948,34.990948,6998.1896,142894.09935392434,3540464,3.3764495849609375,"approximate heap delta after building populated DBMS; includes DBMS/cache/pages/index structures"
"2026-07-16T01:21:54.033378793Z","dbms-level","SKIPLIST","dbms_safe_batch_insert_sequential",5000,2,5000,15071001,15.071001,3014.2002,331762.96650766593,0,0.0,"DBMS-level safe batch insert through db.insert(table, List<Row>)"
"2026-07-16T01:21:54.066540057Z","dbms-level","SKIPLIST","dbms_safe_batch_insert_random",5000,2,5000,17741403,17.741403,3548.2806,281826.64020427247,0,0.0,"DBMS-level safe batch insert through db.insert(table, List<Row>)"
"2026-07-16T01:21:54.113359177Z","dbms-level","SKIPLIST","dbms_equality_search_primary_key",5000,2,1000,20674584,20.674584,20674.584,48368.56693222945,0,0.0,"SELECT by indexed primary key username"
"2026-07-16T01:21:55.519682568Z","dbms-level","SKIPLIST","dbms_duplicate_equality_search_secondary_index",5000,2,1000,1391390278,1391.390278,1391390.278,718.705611079453,0,0.0,"SELECT by indexed non-unique age column"
"2026-07-16T01:22:01.678907203Z","dbms-level","SKIPLIST","dbms_range_search_secondary_index",5000,2,200,6145935127,6145.935127,3.0729675635E7,32.54183388974779,0,0.0,"Range WHERE on indexed age column"
"2026-07-16T01:22:01.718005838Z","dbms-level","SKIPLIST","dbms_delete_by_primary_key",5000,2,500,22618838,22.618838,45237.676,22105.468017410974,0,0.0,"DELETE by indexed primary key username"
"2026-07-16T01:22:01.940747025Z","dbms-level","SKIPLIST","dbms_memory_after_build",5000,2,5000,17845702,17.845702,3569.1404,280179.5076483962,5489400,5.235099792480469,"approximate heap delta after building populated DBMS; includes DBMS/cache/pages/index structures"
"2026-07-16T01:22:01.960037433Z","dbms-level","HASH_INDEX","dbms_safe_batch_insert_sequential",5000,2,5000,8590582,8.590582,1718.1164,582032.7423683285,0,0.0,"DBMS-level safe batch insert through db.insert(table, List<Row>)"
"2026-07-16T01:22:01.983866617Z","dbms-level","HASH_INDEX","dbms_safe_batch_insert_random",5000,2,5000,9086921,9.086921,1817.3842,550241.3853933582,0,0.0,"DBMS-level safe batch insert through db.insert(table, List<Row>)"
"2026-07-16T01:22:02.137281746Z","dbms-level","HASH_INDEX","dbms_equality_search_primary_key",5000,2,1000,139058005,139.058005,139058.005,7191.243682807041,0,0.0,"SELECT by indexed primary key username"
"2026-07-16T01:22:03.473533971Z","dbms-level","HASH_INDEX","dbms_duplicate_equality_search_secondary_index",5000,2,1000,1324152983,1324.152983,1324152.983,755.1997486985233,0,0.0,"SELECT by indexed non-unique age column"
"2026-07-16T01:22:09.290450301Z","dbms-level","HASH_INDEX","dbms_range_search_secondary_index",5000,2,200,5807230091,5807.230091,2.9036150455E7,34.43982705454679,0,0.0,"Range WHERE on Hash Index uses fallback behavior"
"2026-07-16T01:22:09.407113038Z","dbms-level","HASH_INDEX","dbms_delete_by_primary_key",5000,2,500,103426719,103.426719,206853.438,4834.340727757206,0,0.0,"DELETE by indexed primary key username"
"2026-07-16T01:22:09.642078386Z","dbms-level","HASH_INDEX","dbms_memory_after_build",5000,2,5000,16945626,16.945626,3389.1252,295061.3922436386,3623232,3.45538330078125,"approximate heap delta after building populated DBMS; includes DBMS/cache/pages/index structures"
"2026-07-16T01:22:09.658395164Z","dbms-level","RED_BLACK_TREE","dbms_safe_batch_insert_sequential",5000,2,5000,7899554,7.899554,1579.9108,632947.125875714,0,0.0,"DBMS-level safe batch insert through db.insert(table, List<Row>)"
"2026-07-16T01:22:09.679364617Z","dbms-level","RED_BLACK_TREE","dbms_safe_batch_insert_random",5000,2,5000,10890315,10.890315,2178.063,459123.5423401435,0,0.0,"DBMS-level safe batch insert through db.insert(table, List<Row>)"
"2026-07-16T01:22:09.727899941Z","dbms-level","RED_BLACK_TREE","dbms_equality_search_primary_key",5000,2,1000,25922997,25.922997,25922.997,38575.78658825598,0,0.0,"SELECT by indexed primary key username"
"2026-07-16T01:22:11.090506132Z","dbms-level","RED_BLACK_TREE","dbms_duplicate_equality_search_secondary_index",5000,2,1000,1348728435,1348.728435,1348728.435,741.4391022311323,0,0.0,"SELECT by indexed non-unique age column"
"2026-07-16T01:22:16.972294264Z","dbms-level","RED_BLACK_TREE","dbms_range_search_secondary_index",5000,2,200,5867914946,5867.914946,2.933957473E7,34.08365694467583,0,0.0,"Range WHERE on indexed age column"
"2026-07-16T01:22:17.005761947Z","dbms-level","RED_BLACK_TREE","dbms_delete_by_primary_key",5000,2,500,16927305,16.927305,33854.61,29538.074726012204,0,0.0,"DELETE by indexed primary key username"
"2026-07-16T01:22:17.244205134Z","dbms-level","RED_BLACK_TREE","dbms_memory_after_build",5000,2,5000,22436848,22.436848,4487.3696,222847.70124573648,3679864,3.5093917846679688,"approximate heap delta after building populated DBMS; includes DBMS/cache/pages/index structures"
"2026-07-16T01:22:17.276486231Z","dbms-level","BTREE","dbms_safe_batch_insert_sequential",10000,2,10000,18449921,18.449921,1844.9921,542007.7408461532,0,0.0,"DBMS-level safe batch insert through db.insert(table, List<Row>)"
"2026-07-16T01:22:17.324589077Z","dbms-level","BTREE","dbms_safe_batch_insert_random",10000,2,10000,25695388,25.695388,2569.5388,389174.89784548106,0,0.0,"DBMS-level safe batch insert through db.insert(table, List<Row>)"
"2026-07-16T01:22:17.379316362Z","dbms-level","BTREE","dbms_equality_search_primary_key",10000,2,1000,23986193,23.986193,23986.193,41690.65095073653,0,0.0,"SELECT by indexed primary key username"
"2026-07-16T01:22:20.005907789Z","dbms-level","BTREE","dbms_duplicate_equality_search_secondary_index",10000,2,1000,2584562711,2584.562711,2584562.711,386.9126470578411,0,0.0,"SELECT by indexed non-unique age column"
"2026-07-16T01:22:45.211873206Z","dbms-level","BTREE","dbms_range_search_secondary_index",10000,2,200,25183642939,25183.642939,1.25918214695E8,7.941662788201113,0,0.0,"Range WHERE on indexed age column"
"2026-07-16T01:22:45.273069041Z","dbms-level","BTREE","dbms_delete_by_primary_key",10000,2,1000,34826359,34.826359,34826.359,28713.883067707422,0,0.0,"DELETE by indexed primary key username"
"2026-07-16T01:22:45.525672212Z","dbms-level","BTREE","dbms_memory_after_build",10000,2,10000,47316958,47.316958,4731.6958,211340.72059323848,7053744,6.7269744873046875,"approximate heap delta after building populated DBMS; includes DBMS/cache/pages/index structures"
"2026-07-16T01:22:45.571698825Z","dbms-level","SKIPLIST","dbms_safe_batch_insert_sequential",10000,2,10000,25218779,25.218779,2521.8779,396529.9033708174,0,0.0,"DBMS-level safe batch insert through db.insert(table, List<Row>)"
"2026-07-16T01:22:45.616115103Z","dbms-level","SKIPLIST","dbms_safe_batch_insert_random",10000,2,10000,28070480,28.07048,2807.048,356246.1347294382,0,0.0,"DBMS-level safe batch insert through db.insert(table, List<Row>)"
"2026-07-16T01:22:45.706106165Z","dbms-level","SKIPLIST","dbms_equality_search_primary_key",10000,2,1000,35525446,35.525446,35525.446,28148.837315089582,0,0.0,"SELECT by indexed primary key username"
"2026-07-16T01:22:48.416406724Z","dbms-level","SKIPLIST","dbms_duplicate_equality_search_secondary_index",10000,2,1000,2665931341,2665.931341,2665931.341,375.1034336934186,0,0.0,"SELECT by indexed non-unique age column"
"2026-07-16T01:23:14.039413047Z","dbms-level","SKIPLIST","dbms_range_search_secondary_index",10000,2,200,25594641184,25594.641184,1.2797320592E8,7.814135723263281,0,0.0,"Range WHERE on indexed age column"
"2026-07-16T01:23:14.115757723Z","dbms-level","SKIPLIST","dbms_delete_by_primary_key",10000,2,1000,47662667,47.662667,47662.667,20980.781457319626,0,0.0,"DELETE by indexed primary key username"
"2026-07-16T01:23:14.370232139Z","dbms-level","SKIPLIST","dbms_memory_after_build",10000,2,10000,49480272,49.480272,4948.0272,202100.74835481908,10612568,10.120933532714844,"approximate heap delta after building populated DBMS; includes DBMS/cache/pages/index structures"
"2026-07-16T01:23:14.405796345Z","dbms-level","HASH_INDEX","dbms_safe_batch_insert_sequential",10000,2,10000,16804016,16.804016,1680.4016,595095.8389946783,0,0.0,"DBMS-level safe batch insert through db.insert(table, List<Row>)"
"2026-07-16T01:23:14.429004811Z","dbms-level","HASH_INDEX","dbms_safe_batch_insert_random",10000,2,10000,9003971,9.003971,900.3971,1110621.080409966,0,0.0,"DBMS-level safe batch insert through db.insert(table, List<Row>)"
"2026-07-16T01:23:14.699234216Z","dbms-level","HASH_INDEX","dbms_equality_search_primary_key",10000,2,1000,234213820,234.21382,234213.82,4269.602878258849,0,0.0,"SELECT by indexed primary key username"
"2026-07-16T01:23:17.185409002Z","dbms-level","HASH_INDEX","dbms_duplicate_equality_search_secondary_index",10000,2,1000,2465748131,2465.748131,2465748.131,405.5564262333816,0,0.0,"SELECT by indexed non-unique age column"
"2026-07-16T01:23:38.843305212Z","dbms-level","HASH_INDEX","dbms_range_search_secondary_index",10000,2,200,21637808014,21637.808014,1.0818904007E8,9.243080439136758,0,0.0,"Range WHERE on Hash Index uses fallback behavior"
"2026-07-16T01:23:39.181650589Z","dbms-level","HASH_INDEX","dbms_delete_by_primary_key",10000,2,1000,315112052,315.112052,315112.052,3173.474304308742,0,0.0,"DELETE by indexed primary key username"
"2026-07-16T01:23:39.414413865Z","dbms-level","HASH_INDEX","dbms_memory_after_build",10000,2,10000,28520228,28.520228,2852.0228,350628.33298527624,7210016,6.876007080078125,"approximate heap delta after building populated DBMS; includes DBMS/cache/pages/index structures"
"2026-07-16T01:23:39.460572277Z","dbms-level","RED_BLACK_TREE","dbms_safe_batch_insert_sequential",10000,2,10000,23681645,23.681645,2368.1645,422267.96322637214,0,0.0,"DBMS-level safe batch insert through db.insert(table, List<Row>)"
"2026-07-16T01:23:39.490510611Z","dbms-level","RED_BLACK_TREE","dbms_safe_batch_insert_random",10000,2,10000,18513371,18.513371,1851.3371,540150.1433747533,0,0.0,"DBMS-level safe batch insert through db.insert(table, List<Row>)"
"2026-07-16T01:23:39.559061122Z","dbms-level","RED_BLACK_TREE","dbms_equality_search_primary_key",10000,2,1000,34880919,34.880919,34880.919,28668.969415628068,0,0.0,"SELECT by indexed primary key username"
"2026-07-16T01:23:42.223562807Z","dbms-level","RED_BLACK_TREE","dbms_duplicate_equality_search_secondary_index",10000,2,1000,2623057418,2623.057418,2623057.418,381.2345063961539,0,0.0,"SELECT by indexed non-unique age column"
"2026-07-16T01:24:07.432432795Z","dbms-level","RED_BLACK_TREE","dbms_range_search_secondary_index",10000,2,200,25183615729,25183.615729,1.25918078645E8,7.9416713688849505,0,0.0,"Range WHERE on indexed age column"
"2026-07-16T01:24:07.498755303Z","dbms-level","RED_BLACK_TREE","dbms_delete_by_primary_key",10000,2,1000,37109342,37.109342,37109.342,26947.392384375882,0,0.0,"DELETE by indexed primary key username"
"2026-07-16T01:24:07.751845414Z","dbms-level","RED_BLACK_TREE","dbms_memory_after_build",10000,2,10000,50383299,50.383299,5038.3299,198478.4680336236,7330120,6.990547180175781,"approximate heap delta after building populated DBMS; includes DBMS/cache/pages/index structures"
"2026-07-16T01:24:07.933888551Z","dbms-level","BTREE","dbms_safe_batch_insert_sequential",50000,2,50000,107837365,107.837365,2156.7473,463661.1808903157,0,0.0,"DBMS-level safe batch insert through db.insert(table, List<Row>)"
"2026-07-16T01:24:08.146834620Z","dbms-level","BTREE","dbms_safe_batch_insert_random",50000,2,50000,112245711,112.245711,2244.91422,445451.31884816516,0,0.0,"DBMS-level safe batch insert through db.insert(table, List<Row>)"
"2026-07-16T01:24:08.320120455Z","dbms-level","BTREE","dbms_equality_search_primary_key",50000,2,1000,25318869,25.318869,25318.869,39496.23500165035,0,0.0,"SELECT by indexed primary key username"
"2026-07-16T01:24:20.970503361Z","dbms-level","BTREE","dbms_duplicate_equality_search_secondary_index",50000,2,1000,12442983059,12442.983059,1.2442983059E7,80.36658052641974,0,0.0,"SELECT by indexed non-unique age column"
"2026-07-16T01:34:54.176584345Z","dbms-level","BTREE","dbms_range_search_secondary_index",50000,2,200,633077618086,633077.618086,3.16538809043E9,0.31591702863333754,0,0.0,"Range WHERE on indexed age column"
"2026-07-16T01:34:54.418056948Z","dbms-level","BTREE","dbms_delete_by_primary_key",50000,2,1000,111759706,111.759706,111759.706,8947.768706549747,0,0.0,"DELETE by indexed primary key username"
"2026-07-16T01:34:54.797260141Z","dbms-level","BTREE","dbms_memory_after_build",50000,2,50000,163225208,163.225208,3264.50416,306325.23378374253,29609408,28.23773193359375,"approximate heap delta after building populated DBMS; includes DBMS/cache/pages/index structures"
"2026-07-16T01:34:54.973195238Z","dbms-level","SKIPLIST","dbms_safe_batch_insert_sequential",50000,2,50000,132445288,132.445288,2648.90576,377514.37408630195,0,0.0,"DBMS-level safe batch insert through db.insert(table, List<Row>)"
"2026-07-16T01:34:55.280478726Z","dbms-level","SKIPLIST","dbms_safe_batch_insert_random",50000,2,50000,210704233,210.704233,4214.08466,237299.45662743284,0,0.0,"DBMS-level safe batch insert through db.insert(table, List<Row>)"
"2026-07-16T01:34:55.477409444Z","dbms-level","SKIPLIST","dbms_equality_search_primary_key",50000,2,1000,13290657,13.290657,13290.657,75240.82519020692,0,0.0,"SELECT by indexed primary key username"
"2026-07-16T01:35:08.654230666Z","dbms-level","SKIPLIST","dbms_duplicate_equality_search_secondary_index",50000,2,1000,13005499991,13005.499991,1.3005499991E7,76.89054636054091,0,0.0,"SELECT by indexed non-unique age column"
"2026-07-16T01:45:36.889991048Z","dbms-level","SKIPLIST","dbms_range_search_secondary_index",50000,2,200,628092331910,628092.33191,3.14046165955E9,0.3184245211079224,0,0.0,"Range WHERE on indexed age column"
"2026-07-16T01:45:37.331823666Z","dbms-level","SKIPLIST","dbms_delete_by_primary_key",50000,2,1000,287190430,287.19043,287190.43,3482.0101770104247,0,0.0,"DELETE by indexed primary key username"
"2026-07-16T01:45:37.723537597Z","dbms-level","SKIPLIST","dbms_memory_after_build",50000,2,50000,171776159,171.776159,3435.52318,291076.4816903375,47209016,45.02202606201172,"approximate heap delta after building populated DBMS; includes DBMS/cache/pages/index structures"
"2026-07-16T01:45:37.843048345Z","dbms-level","HASH_INDEX","dbms_safe_batch_insert_sequential",50000,2,50000,71592144,71.592144,1431.84288,698400.6513340346,0,0.0,"DBMS-level safe batch insert through db.insert(table, List<Row>)"
"2026-07-16T01:45:38.043548125Z","dbms-level","HASH_INDEX","dbms_safe_batch_insert_random",50000,2,50000,65191966,65.191966,1303.83932,766965.671812996,0,0.0,"DBMS-level safe batch insert through db.insert(table, List<Row>)"
"2026-07-16T01:45:40.164455219Z","dbms-level","HASH_INDEX","dbms_equality_search_primary_key",50000,2,1000,1920951773,1920.951773,1920951.773,520.5752763060127,0,0.0,"SELECT by indexed primary key username"
"2026-07-16T01:45:53.357755950Z","dbms-level","HASH_INDEX","dbms_duplicate_equality_search_secondary_index",50000,2,1000,13097983429,13097.983429,1.3097983429E7,76.34763056623807,0,0.0,"SELECT by indexed non-unique age column"
"2026-07-16T01:55:16.091470491Z","dbms-level","HASH_INDEX","dbms_range_search_secondary_index",50000,2,200,562637917360,562637.91736,2.8131895868E9,0.3554683995320411,0,0.0,"Range WHERE on Hash Index uses fallback behavior"
"2026-07-16T01:55:18.167702820Z","dbms-level","HASH_INDEX","dbms_delete_by_primary_key",50000,2,1000,1968179651,1968.179651,1968179.651,508.0837003329022,0,0.0,"DELETE by indexed primary key username"
"2026-07-16T01:55:18.524144192Z","dbms-level","HASH_INDEX","dbms_memory_after_build",50000,2,50000,127893610,127.89361,2557.8722,390949.9466001468,30373224,28.966163635253906,"approximate heap delta after building populated DBMS; includes DBMS/cache/pages/index structures"
"2026-07-16T01:55:18.702547298Z","dbms-level","RED_BLACK_TREE","dbms_safe_batch_insert_sequential",50000,2,50000,131333928,131.333928,2626.67856,380708.93607933517,0,0.0,"DBMS-level safe batch insert through db.insert(table, List<Row>)"
"2026-07-16T01:55:18.951052572Z","dbms-level","RED_BLACK_TREE","dbms_safe_batch_insert_random",50000,2,50000,125987276,125.987276,2519.74552,396865.4739388127,0,0.0,"DBMS-level safe batch insert through db.insert(table, List<Row>)"
"2026-07-16T01:55:19.203266213Z","dbms-level","RED_BLACK_TREE","dbms_equality_search_primary_key",50000,2,1000,55663598,55.663598,55663.598,17965.06219378776,0,0.0,"SELECT by indexed primary key username"
"2026-07-16T01:55:32.046697278Z","dbms-level","RED_BLACK_TREE","dbms_duplicate_equality_search_secondary_index",50000,2,1000,12683134627,12683.134627,1.2683134627E7,78.8448620478402,0,0.0,"SELECT by indexed non-unique age column"
"2026-07-16T02:05:50.938257717Z","dbms-level","RED_BLACK_TREE","dbms_range_search_secondary_index",50000,2,200,618753265996,618753.265996,3.09376632998E9,0.32323061709914747,0,0.0,"Range WHERE on indexed age column"
"2026-07-16T02:05:51.273234307Z","dbms-level","RED_BLACK_TREE","dbms_delete_by_primary_key",50000,2,1000,186544100,186.5441,186544.1,5360.662706566437,0,0.0,"DELETE by indexed primary key username"
"2026-07-16T02:05:51.970968025Z","dbms-level","RED_BLACK_TREE","dbms_memory_after_build",50000,2,50000,473457378,473.457378,9469.14756,105606.12702079384,31022152,29.58502960205078,"approximate heap delta after building populated DBMS; includes DBMS/cache/pages/index structures"
"2026-07-16T02:05:51.980085521Z","dbms-level","BTREE","dbms_safe_batch_insert_sequential",1000,3,1000,4601123,4.601123,4601.123,217338.2454674652,0,0.0,"DBMS-level safe batch insert through db.insert(table, List<Row>)"
"2026-07-16T02:05:51.989923494Z","dbms-level","BTREE","dbms_safe_batch_insert_random",1000,3,1000,3757496,3.757496,3757.496,266134.68118129735,0,0.0,"DBMS-level safe batch insert through db.insert(table, List<Row>)"
"2026-07-16T02:05:52.095404354Z","dbms-level","BTREE","dbms_equality_search_primary_key",1000,3,1000,96794132,96.794132,96794.132,10331.204788323324,0,0.0,"SELECT by indexed primary key username"
"2026-07-16T02:05:52.449104165Z","dbms-level","BTREE","dbms_duplicate_equality_search_secondary_index",1000,3,1000,347052195,347.052195,347052.195,2881.410964710942,0,0.0,"SELECT by indexed non-unique age column"
"2026-07-16T02:05:52.700995032Z","dbms-level","BTREE","dbms_range_search_secondary_index",1000,3,200,247630763,247.630763,1238153.815,807.6540958685331,0,0.0,"Range WHERE on indexed age column"
"2026-07-16T02:05:52.725351622Z","dbms-level","BTREE","dbms_delete_by_primary_key",1000,3,100,19620508,19.620508,196205.08,5096.707995532022,0,0.0,"DELETE by indexed primary key username"
"2026-07-16T02:05:52.940672705Z","dbms-level","BTREE","dbms_memory_after_build",1000,3,1000,3934746,3.934746,3934.746,254146.0109496267,724912,0.6913299560546875,"approximate heap delta after building populated DBMS; includes DBMS/cache/pages/index structures"
"2026-07-16T02:05:52.951066997Z","dbms-level","SKIPLIST","dbms_safe_batch_insert_sequential",1000,3,1000,7191704,7.191704,7191.704,139049.10435690903,0,0.0,"DBMS-level safe batch insert through db.insert(table, List<Row>)"
"2026-07-16T02:05:52.958895488Z","dbms-level","SKIPLIST","dbms_safe_batch_insert_random",1000,3,1000,4023295,4.023295,4023.295,248552.49242225592,0,0.0,"DBMS-level safe batch insert through db.insert(table, List<Row>)"
"2026-07-16T02:05:52.998433921Z","dbms-level","SKIPLIST","dbms_equality_search_primary_key",1000,3,1000,35314829,35.314829,35314.829,28316.71647057954,0,0.0,"SELECT by indexed primary key username"
"2026-07-16T02:05:53.307056099Z","dbms-level","SKIPLIST","dbms_duplicate_equality_search_secondary_index",1000,3,1000,302269651,302.269651,302269.651,3308.3043457776716,0,0.0,"SELECT by indexed non-unique age column"
"2026-07-16T02:05:53.565195214Z","dbms-level","SKIPLIST","dbms_range_search_secondary_index",1000,3,200,254459369,254.459369,1272296.845,785.9800988502806,0,0.0,"Range WHERE on indexed age column"
"2026-07-16T02:05:53.586466975Z","dbms-level","SKIPLIST","dbms_delete_by_primary_key",1000,3,100,17122217,17.122217,171222.17,5840.365181681788,0,0.0,"DELETE by indexed primary key username"
"2026-07-16T02:05:53.804644137Z","dbms-level","SKIPLIST","dbms_memory_after_build",1000,3,1000,5869128,5.869128,5869.128,170383.06201534538,1087728,1.0373382568359375,"approximate heap delta after building populated DBMS; includes DBMS/cache/pages/index structures"
"2026-07-16T02:05:53.810575885Z","dbms-level","HASH_INDEX","dbms_safe_batch_insert_sequential",1000,3,1000,2407601,2.407601,2407.601,415351.21475693025,0,0.0,"DBMS-level safe batch insert through db.insert(table, List<Row>)"
"2026-07-16T02:05:53.818475786Z","dbms-level","HASH_INDEX","dbms_safe_batch_insert_random",1000,3,1000,2719380,2.71938,2719.38,367730.8798329031,0,0.0,"DBMS-level safe batch insert through db.insert(table, List<Row>)"
"2026-07-16T02:05:53.954412823Z","dbms-level","HASH_INDEX","dbms_equality_search_primary_key",1000,3,1000,128899953,128.899953,128899.953,7757.954729432678,0,0.0,"SELECT by indexed primary key username"
"2026-07-16T02:05:54.293496528Z","dbms-level","HASH_INDEX","dbms_duplicate_equality_search_secondary_index",1000,3,1000,332533669,332.533669,332533.669,3007.2142860216663,0,0.0,"SELECT by indexed non-unique age column"
"2026-07-16T02:05:54.528629617Z","dbms-level","HASH_INDEX","dbms_range_search_secondary_index",1000,3,200,232203630,232.20363,1161018.15,861.3129777514675,0,0.0,"Range WHERE on Hash Index uses fallback behavior"
"2026-07-16T02:05:54.543997481Z","dbms-level","HASH_INDEX","dbms_delete_by_primary_key",1000,3,100,11673256,11.673256,116732.56,8566.590161305467,0,0.0,"DELETE by indexed primary key username"
"2026-07-16T02:05:54.764091656Z","dbms-level","HASH_INDEX","dbms_memory_after_build",1000,3,1000,3569937,3.569937,3569.937,280116.9880588929,742072,0.7076950073242188,"approximate heap delta after building populated DBMS; includes DBMS/cache/pages/index structures"
"2026-07-16T02:05:54.771900967Z","dbms-level","RED_BLACK_TREE","dbms_safe_batch_insert_sequential",1000,3,1000,4622933,4.622933,4622.933,216312.8905394043,0,0.0,"DBMS-level safe batch insert through db.insert(table, List<Row>)"
"2026-07-16T02:05:54.777838105Z","dbms-level","RED_BLACK_TREE","dbms_safe_batch_insert_random",1000,3,1000,2577750,2.57775,2577.75,387935.2148191252,0,0.0,"DBMS-level safe batch insert through db.insert(table, List<Row>)"
"2026-07-16T02:05:54.822154641Z","dbms-level","RED_BLACK_TREE","dbms_equality_search_primary_key",1000,3,1000,38713467,38.713467,38713.467,25830.80456214371,0,0.0,"SELECT by indexed primary key username"
"2026-07-16T02:05:55.128904156Z","dbms-level","RED_BLACK_TREE","dbms_duplicate_equality_search_secondary_index",1000,3,1000,301193926,301.193926,301193.926,3320.120074400172,0,0.0,"SELECT by indexed non-unique age column"
"2026-07-16T02:05:55.360581418Z","dbms-level","RED_BLACK_TREE","dbms_range_search_secondary_index",1000,3,200,228396865,228.396865,1141984.325,875.6687619157995,0,0.0,"Range WHERE on indexed age column"
"2026-07-16T02:05:55.371114269Z","dbms-level","RED_BLACK_TREE","dbms_delete_by_primary_key",1000,3,100,6167837,6.167837,61678.37,16213.139225307024,0,0.0,"DELETE by indexed primary key username"
"2026-07-16T02:05:55.588648384Z","dbms-level","RED_BLACK_TREE","dbms_memory_after_build",1000,3,1000,3967376,3.967376,3967.376,252055.76683430056,757232,0.7221527099609375,"approximate heap delta after building populated DBMS; includes DBMS/cache/pages/index structures"
"2026-07-16T02:05:55.616792450Z","dbms-level","BTREE","dbms_safe_batch_insert_sequential",5000,3,5000,19063950,19.06395,3812.79,262275.13185882254,0,0.0,"DBMS-level safe batch insert through db.insert(table, List<Row>)"
"2026-07-16T02:05:55.645452754Z","dbms-level","BTREE","dbms_safe_batch_insert_random",5000,3,5000,15403173,15.403173,3080.6346,324608.4426890486,0,0.0,"DBMS-level safe batch insert through db.insert(table, List<Row>)"
"2026-07-16T02:05:55.709020828Z","dbms-level","BTREE","dbms_equality_search_primary_key",5000,3,1000,37916059,37.916059,37916.059,26374.04905399055,0,0.0,"SELECT by indexed primary key username"
"2026-07-16T02:05:57.149210148Z","dbms-level","BTREE","dbms_duplicate_equality_search_secondary_index",5000,3,1000,1419494656,1419.494656,1419494.656,704.4760582740793,0,0.0,"SELECT by indexed non-unique age column"
"2026-07-16T02:06:03.165671668Z","dbms-level","BTREE","dbms_range_search_secondary_index",5000,3,200,6005084893,6005.084893,3.0025424465E7,33.30510784837293,0,0.0,"Range WHERE on indexed age column"
"2026-07-16T02:06:03.197002062Z","dbms-level","BTREE","dbms_delete_by_primary_key",5000,3,500,16340900,16.3409,32681.8,30598.069873752367,0,0.0,"DELETE by indexed primary key username"
"2026-07-16T02:06:03.443172301Z","dbms-level","BTREE","dbms_memory_after_build",5000,3,5000,23749282,23.749282,4749.8564,210532.68052482596,3537784,3.3738937377929688,"approximate heap delta after building populated DBMS; includes DBMS/cache/pages/index structures"
"2026-07-16T02:06:03.459227531Z","dbms-level","SKIPLIST","dbms_safe_batch_insert_sequential",5000,3,5000,8569628,8.569628,1713.9256,583455.8979689667,0,0.0,"DBMS-level safe batch insert through db.insert(table, List<Row>)"
"2026-07-16T02:06:03.488121434Z","dbms-level","SKIPLIST","dbms_safe_batch_insert_random",5000,3,5000,15745442,15.745442,3149.0884,317552.21606354404,0,0.0,"DBMS-level safe batch insert through db.insert(table, List<Row>)"
"2026-07-16T02:06:03.549731036Z","dbms-level","SKIPLIST","dbms_equality_search_primary_key",5000,3,1000,36528164,36.528164,36528.164,27376.136397109913,0,0.0,"SELECT by indexed primary key username"
"2026-07-16T02:06:04.915775160Z","dbms-level","SKIPLIST","dbms_duplicate_equality_search_secondary_index",5000,3,1000,1344037325,1344.037325,1344037.325,744.0269562454301,0,0.0,"SELECT by indexed non-unique age column"
"2026-07-16T02:06:10.846259169Z","dbms-level","SKIPLIST","dbms_range_search_secondary_index",5000,3,200,5917631177,5917.631177,2.9588155885E7,33.797307405256696,0,0.0,"Range WHERE on indexed age column"
"2026-07-16T02:06:10.886838398Z","dbms-level","SKIPLIST","dbms_delete_by_primary_key",5000,3,500,24937657,24.937657,49875.314,20049.999083715044,0,0.0,"DELETE by indexed primary key username"
"2026-07-16T02:06:11.123137064Z","dbms-level","SKIPLIST","dbms_memory_after_build",5000,3,5000,33214147,33.214147,6642.8294,150538.263108187,5470440,5.217018127441406,"approximate heap delta after building populated DBMS; includes DBMS/cache/pages/index structures"
"2026-07-16T02:06:11.144176797Z","dbms-level","HASH_INDEX","dbms_safe_batch_insert_sequential",5000,3,5000,9024997,9.024997,1804.9994,554016.8046593256,0,0.0,"DBMS-level safe batch insert through db.insert(table, List<Row>)"
"2026-07-16T02:06:11.167878589Z","dbms-level","HASH_INDEX","dbms_safe_batch_insert_random",5000,3,5000,9194796,9.194796,1838.9592,543785.8545203177,0,0.0,"DBMS-level safe batch insert through db.insert(table, List<Row>)"
"2026-07-16T02:06:11.309480855Z","dbms-level","HASH_INDEX","dbms_equality_search_primary_key",5000,3,1000,129980749,129.980749,129980.749,7693.446973443736,0,0.0,"SELECT by indexed primary key username"
"2026-07-16T02:06:12.667237729Z","dbms-level","HASH_INDEX","dbms_duplicate_equality_search_secondary_index",5000,3,1000,1346666326,1346.666326,1346666.326,742.5744452750206,0,0.0,"SELECT by indexed non-unique age column"
"2026-07-16T02:06:18.012143095Z","dbms-level","HASH_INDEX","dbms_range_search_secondary_index",5000,3,200,5335112242,5335.112242,2.667556121E7,37.48749621901582,0,0.0,"Range WHERE on Hash Index uses fallback behavior"
"2026-07-16T02:06:18.115061824Z","dbms-level","HASH_INDEX","dbms_delete_by_primary_key",5000,3,500,90973464,90.973464,181946.928,5496.108183810611,0,0.0,"DELETE by indexed primary key username"
"2026-07-16T02:06:18.346839596Z","dbms-level","HASH_INDEX","dbms_memory_after_build",5000,3,5000,18809390,18.80939,3761.878,265824.6758666815,3625888,3.457916259765625,"approximate heap delta after building populated DBMS; includes DBMS/cache/pages/index structures"
"2026-07-16T02:06:18.364422601Z","dbms-level","RED_BLACK_TREE","dbms_safe_batch_insert_sequential",5000,3,5000,8641568,8.641568,1728.3136,578598.6987546704,0,0.0,"DBMS-level safe batch insert through db.insert(table, List<Row>)"
"2026-07-16T02:06:18.387539396Z","dbms-level","RED_BLACK_TREE","dbms_safe_batch_insert_random",5000,3,5000,11690987,11.690987,2338.1974,427679.88707882405,0,0.0,"DBMS-level safe batch insert through db.insert(table, List<Row>)"
"2026-07-16T02:06:18.435149399Z","dbms-level","RED_BLACK_TREE","dbms_equality_search_primary_key",5000,3,1000,23688642,23.688642,23688.642,42214.3236408402,0,0.0,"SELECT by indexed primary key username"
"2026-07-16T02:06:19.791394819Z","dbms-level","RED_BLACK_TREE","dbms_duplicate_equality_search_secondary_index",5000,3,1000,1343389867,1343.389867,1343389.867,744.3855462697189,0,0.0,"SELECT by indexed non-unique age column"
"2026-07-16T02:06:25.510996148Z","dbms-level","RED_BLACK_TREE","dbms_range_search_secondary_index",5000,3,200,5705020204,5705.020204,2.852510102E7,35.05684342007634,0,0.0,"Range WHERE on indexed age column"
"2026-07-16T02:06:25.542959950Z","dbms-level","RED_BLACK_TREE","dbms_delete_by_primary_key",5000,3,500,16902857,16.902857,33805.714,29580.798086382674,0,0.0,"DELETE by indexed primary key username"
"2026-07-16T02:06:25.784076148Z","dbms-level","RED_BLACK_TREE","dbms_memory_after_build",5000,3,5000,25548785,25.548785,5109.757,195704.0227157573,3674504,3.5042800903320312,"approximate heap delta after building populated DBMS; includes DBMS/cache/pages/index structures"
"2026-07-16T02:06:25.817177995Z","dbms-level","BTREE","dbms_safe_batch_insert_sequential",10000,3,10000,17864464,17.864464,1786.4464,559770.5030500775,0,0.0,"DBMS-level safe batch insert through db.insert(table, List<Row>)"
"2026-07-16T02:06:25.864719429Z","dbms-level","BTREE","dbms_safe_batch_insert_random",10000,3,10000,25007417,25.007417,2500.7417,399881.36319716665,0,0.0,"DBMS-level safe batch insert through db.insert(table, List<Row>)"
"2026-07-16T02:06:25.915021083Z","dbms-level","BTREE","dbms_equality_search_primary_key",10000,3,1000,21492220,21.49222,21492.22,46528.46471886106,0,0.0,"SELECT by indexed primary key username"
"2026-07-16T02:06:28.633526811Z","dbms-level","BTREE","dbms_duplicate_equality_search_secondary_index",10000,3,1000,2676226344,2676.226344,2676226.344,373.660472419294,0,0.0,"SELECT by indexed non-unique age column"
"2026-07-16T02:06:53.629014921Z","dbms-level","BTREE","dbms_range_search_secondary_index",10000,3,200,24971207550,24971.20755,1.2485603775E8,8.009224207501331,0,0.0,"Range WHERE on indexed age column"
"2026-07-16T02:06:53.692291207Z","dbms-level","BTREE","dbms_delete_by_primary_key",10000,3,1000,34141944,34.141944,34141.944,29289.48626944031,0,0.0,"DELETE by indexed primary key username"
"2026-07-16T02:06:53.959310519Z","dbms-level","BTREE","dbms_memory_after_build",10000,3,10000,47580394,47.580394,4758.0394,210170.60094121963,7053744,6.7269744873046875,"approximate heap delta after building populated DBMS; includes DBMS/cache/pages/index structures"
"2026-07-16T02:06:54.000233547Z","dbms-level","SKIPLIST","dbms_safe_batch_insert_sequential",10000,3,10000,23970472,23.970472,2397.0472,417179.93704921624,0,0.0,"DBMS-level safe batch insert through db.insert(table, List<Row>)"
"2026-07-16T02:06:54.058570231Z","dbms-level","SKIPLIST","dbms_safe_batch_insert_random",10000,3,10000,33589855,33.589855,3358.9855,297708.9362249405,0,0.0,"DBMS-level safe batch insert through db.insert(table, List<Row>)"
"2026-07-16T02:06:54.146581886Z","dbms-level","SKIPLIST","dbms_equality_search_primary_key",10000,3,1000,33956565,33.956565,33956.565,29449.38629687661,0,0.0,"SELECT by indexed primary key username"
"2026-07-16T02:06:56.653999264Z","dbms-level","SKIPLIST","dbms_duplicate_equality_search_secondary_index",10000,3,1000,2482354222,2482.354222,2482354.222,402.84339403999854,0,0.0,"SELECT by indexed non-unique age column"
"2026-07-16T02:07:21.640962427Z","dbms-level","SKIPLIST","dbms_range_search_secondary_index",10000,3,200,24959815653,24959.815653,1.24799078265E8,8.012879693522951,0,0.0,"Range WHERE on indexed age column"
"2026-07-16T02:07:21.713797817Z","dbms-level","SKIPLIST","dbms_delete_by_primary_key",10000,3,1000,43003391,43.003391,43003.391,23253.980133799214,0,0.0,"DELETE by indexed primary key username"
"2026-07-16T02:07:21.965589845Z","dbms-level","SKIPLIST","dbms_memory_after_build",10000,3,10000,38506757,38.506757,3850.6757,259694.68163730326,10571240,10.081520080566406,"approximate heap delta after building populated DBMS; includes DBMS/cache/pages/index structures"
"2026-07-16T02:07:21.999655369Z","dbms-level","HASH_INDEX","dbms_safe_batch_insert_sequential",10000,3,10000,18976470,18.97647,1897.647,526968.3982321265,0,0.0,"DBMS-level safe batch insert through db.insert(table, List<Row>)"
"2026-07-16T02:07:22.026033411Z","dbms-level","HASH_INDEX","dbms_safe_batch_insert_random",10000,3,10000,11311358,11.311358,1131.1358,884067.1473752311,0,0.0,"DBMS-level safe batch insert through db.insert(table, List<Row>)"
"2026-07-16T02:07:22.409787621Z","dbms-level","HASH_INDEX","dbms_equality_search_primary_key",10000,3,1000,345483921,345.483921,345483.921,2894.4907106111023,0,0.0,"SELECT by indexed primary key username"
"2026-07-16T02:07:25.040529823Z","dbms-level","HASH_INDEX","dbms_duplicate_equality_search_secondary_index",10000,3,1000,2594760755,2594.760755,2594760.755,385.39198578251967,0,0.0,"SELECT by indexed non-unique age column"
"2026-07-16T02:07:45.754383922Z","dbms-level","HASH_INDEX","dbms_range_search_secondary_index",10000,3,200,20693571855,20693.571855,1.03467859275E8,9.664837051882651,0,0.0,"Range WHERE on Hash Index uses fallback behavior"
"2026-07-16T02:07:46.057363441Z","dbms-level","HASH_INDEX","dbms_delete_by_primary_key",10000,3,1000,280879091,280.879091,280879.091,3560.250769965643,0,0.0,"DELETE by indexed primary key username"
"2026-07-16T02:07:46.311885609Z","dbms-level","HASH_INDEX","dbms_memory_after_build",10000,3,10000,48942769,48.942769,4894.2769,204320.2745639504,7210016,6.876007080078125,"approximate heap delta after building populated DBMS; includes DBMS/cache/pages/index structures"
"2026-07-16T02:07:46.354156533Z","dbms-level","RED_BLACK_TREE","dbms_safe_batch_insert_sequential",10000,3,10000,23395014,23.395014,2339.5014,427441.5052711659,0,0.0,"DBMS-level safe batch insert through db.insert(table, List<Row>)"
"2026-07-16T02:07:46.384550930Z","dbms-level","RED_BLACK_TREE","dbms_safe_batch_insert_random",10000,3,10000,14596046,14.596046,1459.6046,685117.0515631426,0,0.0,"DBMS-level safe batch insert through db.insert(table, List<Row>)"
"2026-07-16T02:07:46.467742812Z","dbms-level","RED_BLACK_TREE","dbms_equality_search_primary_key",10000,3,1000,36148106,36.148106,36148.106,27663.966681961152,0,0.0,"SELECT by indexed primary key username"
"2026-07-16T02:07:49.155090175Z","dbms-level","RED_BLACK_TREE","dbms_duplicate_equality_search_secondary_index",10000,3,1000,2643558825,2643.558825,2643558.825,378.27794507277514,0,0.0,"SELECT by indexed non-unique age column"
"2026-07-16T02:08:11.898214073Z","dbms-level","RED_BLACK_TREE","dbms_range_search_secondary_index",10000,3,200,22717150324,22717.150324,1.1358575162E8,8.803921140967487,0,0.0,"Range WHERE on indexed age column"
"2026-07-16T02:08:11.964055799Z","dbms-level","RED_BLACK_TREE","dbms_delete_by_primary_key",10000,3,1000,37059203,37.059203,37059.203,26983.850678062343,0,0.0,"DELETE by indexed primary key username"
"2026-07-16T02:08:12.221521416Z","dbms-level","RED_BLACK_TREE","dbms_memory_after_build",10000,3,10000,50888481,50.888481,5088.8481,196508.1252867422,7330120,6.990547180175781,"approximate heap delta after building populated DBMS; includes DBMS/cache/pages/index structures"
"2026-07-16T02:08:12.411891311Z","dbms-level","BTREE","dbms_safe_batch_insert_sequential",50000,3,50000,111492117,111.492117,2229.84234,448462.1993499325,0,0.0,"DBMS-level safe batch insert through db.insert(table, List<Row>)"
"2026-07-16T02:08:12.634782166Z","dbms-level","BTREE","dbms_safe_batch_insert_random",50000,3,50000,122317927,122.317927,2446.35854,408770.8255552761,0,0.0,"DBMS-level safe batch insert through db.insert(table, List<Row>)"
"2026-07-16T02:08:12.829084167Z","dbms-level","BTREE","dbms_equality_search_primary_key",50000,3,1000,22692216,22.692216,22692.216,44067.97467466377,0,0.0,"SELECT by indexed primary key username"
"2026-07-16T02:08:25.667469817Z","dbms-level","BTREE","dbms_duplicate_equality_search_secondary_index",50000,3,1000,12622054061,12622.054061,1.2622054061E7,79.22640761695277,0,0.0,"SELECT by indexed non-unique age column"
"2026-07-16T02:18:51.629027445Z","dbms-level","BTREE","dbms_range_search_secondary_index",50000,3,200,625827851633,625827.851633,3.129139258165E9,0.3195767006503965,0,0.0,"Range WHERE on indexed age column"
"2026-07-16T02:18:51.857635698Z","dbms-level","BTREE","dbms_delete_by_primary_key",50000,3,1000,91202641,91.202641,91202.641,10964.594764311705,0,0.0,"DELETE by indexed primary key username"
"2026-07-16T02:18:52.236965839Z","dbms-level","BTREE","dbms_memory_after_build",50000,3,50000,149982850,149.98285,2999.657,333371.44880231307,29592296,28.221412658691406,"approximate heap delta after building populated DBMS; includes DBMS/cache/pages/index structures"
"2026-07-16T02:18:52.408087997Z","dbms-level","SKIPLIST","dbms_safe_batch_insert_sequential",50000,3,50000,119757163,119.757163,2395.14326,417511.5604567219,0,0.0,"DBMS-level safe batch insert through db.insert(table, List<Row>)"
"2026-07-16T02:18:52.747037515Z","dbms-level","SKIPLIST","dbms_safe_batch_insert_random",50000,3,50000,177833066,177.833066,3556.66132,281162.5594983556,0,0.0,"DBMS-level safe batch insert through db.insert(table, List<Row>)"
"2026-07-16T02:18:52.992711031Z","dbms-level","SKIPLIST","dbms_equality_search_primary_key",50000,3,1000,51506625,51.506625,51506.625,19414.97817028392,0,0.0,"SELECT by indexed primary key username"
"2026-07-16T02:19:06.121873597Z","dbms-level","SKIPLIST","dbms_duplicate_equality_search_secondary_index",50000,3,1000,12920205276,12920.205276,1.2920205276E7,77.39815108491779,0,0.0,"SELECT by indexed non-unique age column"
"2026-07-16T02:29:26.880359281Z","dbms-level","SKIPLIST","dbms_range_search_secondary_index",50000,3,200,620613108048,620613.108048,3.10306554024E9,0.322261965476455,0,0.0,"Range WHERE on indexed age column"
"2026-07-16T02:29:27.364654856Z","dbms-level","SKIPLIST","dbms_delete_by_primary_key",50000,3,1000,335093831,335.093831,335093.831,2984.238763858353,0,0.0,"DELETE by indexed primary key username"
"2026-07-16T02:29:27.761117618Z","dbms-level","SKIPLIST","dbms_memory_after_build",50000,3,50000,169842502,169.842502,3396.85004,294390.3876310065,46988952,44.812156677246094,"approximate heap delta after building populated DBMS; includes DBMS/cache/pages/index structures"
"2026-07-16T02:29:27.885146037Z","dbms-level","HASH_INDEX","dbms_safe_batch_insert_sequential",50000,3,50000,77549776,77.549776,1550.99552,644747.1879222449,0,0.0,"DBMS-level safe batch insert through db.insert(table, List<Row>)"
"2026-07-16T02:29:28.059698793Z","dbms-level","HASH_INDEX","dbms_safe_batch_insert_random",50000,3,50000,81216214,81.216214,1624.32428,615640.6158011749,0,0.0,"DBMS-level safe batch insert through db.insert(table, List<Row>)"
"2026-07-16T02:29:29.199834689Z","dbms-level","HASH_INDEX","dbms_equality_search_primary_key",50000,3,1000,1008340013,1008.340013,1008340.013,991.7289675184198,0,0.0,"SELECT by indexed primary key username"
"2026-07-16T02:29:42.057216249Z","dbms-level","HASH_INDEX","dbms_duplicate_equality_search_secondary_index",50000,3,1000,12749572476,12749.572476,1.2749572476E7,78.43400254262768,0,0.0,"SELECT by indexed non-unique age column"
"2026-07-16T02:38:40.266581196Z","dbms-level","HASH_INDEX","dbms_range_search_secondary_index",50000,3,200,538102011293,538102.011293,2.690510056465E9,0.3716767375007983,0,0.0,"Range WHERE on Hash Index uses fallback behavior"
"2026-07-16T02:38:41.901687087Z","dbms-level","HASH_INDEX","dbms_delete_by_primary_key",50000,3,1000,1525255290,1525.25529,1525255.29,655.6279506494942,0,0.0,"DELETE by indexed primary key username"
"2026-07-16T02:38:42.251059780Z","dbms-level","HASH_INDEX","dbms_memory_after_build",50000,3,50000,133366317,133.366317,2667.32634,374907.2563801848,30380840,28.973426818847656,"approximate heap delta after building populated DBMS; includes DBMS/cache/pages/index structures"
"2026-07-16T02:38:42.424347157Z","dbms-level","RED_BLACK_TREE","dbms_safe_batch_insert_sequential",50000,3,50000,126701861,126.701861,2534.03722,394627.1949391493,0,0.0,"DBMS-level safe batch insert through db.insert(table, List<Row>)"
"2026-07-16T02:38:42.675177459Z","dbms-level","RED_BLACK_TREE","dbms_safe_batch_insert_random",50000,3,50000,168845213,168.845213,3376.90426,296129.21273640136,0,0.0,"DBMS-level safe batch insert through db.insert(table, List<Row>)"
"2026-07-16T02:38:42.858716339Z","dbms-level","RED_BLACK_TREE","dbms_equality_search_primary_key",50000,3,1000,13010054,13.010054,13010.054,76863.63177278127,0,0.0,"SELECT by indexed primary key username"
"2026-07-16T02:38:55.891794584Z","dbms-level","RED_BLACK_TREE","dbms_duplicate_equality_search_secondary_index",50000,3,1000,12889375514,12889.375514,1.2889375514E7,77.58327770913604,0,0.0,"SELECT by indexed non-unique age column"
"2026-07-16T02:49:02.298725642Z","dbms-level","RED_BLACK_TREE","dbms_range_search_secondary_index",50000,3,200,606264679342,606264.679342,3.03132339671E9,0.32988891950140803,0,0.0,"Range WHERE on indexed age column"
"2026-07-16T02:49:02.529208585Z","dbms-level","RED_BLACK_TREE","dbms_delete_by_primary_key",50000,3,1000,88479487,88.479487,88479.487,11302.054678504182,0,0.0,"DELETE by indexed primary key username"
"2026-07-16T02:49:02.913649884Z","dbms-level","RED_BLACK_TREE","dbms_memory_after_build",50000,3,50000,166097952,166.097952,3321.95904,301027.1914731375,31038784,29.60089111328125,"approximate heap delta after building populated DBMS; includes DBMS/cache/pages/index structures"
"2026-07-16T02:49:02.921652066Z","dbms-level","BTREE","dbms_safe_batch_insert_sequential",1000,4,1000,4443014,4.443014,4443.014,225072.43956467387,0,0.0,"DBMS-level safe batch insert through db.insert(table, List<Row>)"
"2026-07-16T02:49:02.926691918Z","dbms-level","BTREE","dbms_safe_batch_insert_random",1000,4,1000,2932740,2.93274,2932.74,340978.06147152494,0,0.0,"DBMS-level safe batch insert through db.insert(table, List<Row>)"
"2026-07-16T02:49:02.957151180Z","dbms-level","BTREE","dbms_equality_search_primary_key",1000,4,1000,23868765,23.868765,23868.765,41895.75790787667,0,0.0,"SELECT by indexed primary key username"
"2026-07-16T02:49:03.251450329Z","dbms-level","BTREE","dbms_duplicate_equality_search_secondary_index",1000,4,1000,289931404,289.931404,289931.404,3449.091703084361,0,0.0,"SELECT by indexed non-unique age column"
"2026-07-16T02:49:03.486540496Z","dbms-level","BTREE","dbms_range_search_secondary_index",1000,4,200,231437840,231.43784,1157189.2,864.1629216726184,0,0.0,"Range WHERE on indexed age column"
"2026-07-16T02:49:03.493627141Z","dbms-level","BTREE","dbms_delete_by_primary_key",1000,4,100,3445668,3.445668,34456.68,29021.94871937749,0,0.0,"DELETE by indexed primary key username"
"2026-07-16T02:49:03.702589801Z","dbms-level","BTREE","dbms_memory_after_build",1000,4,1000,3491518,3.491518,3491.518,286408.37595567317,727592,0.6938858032226562,"approximate heap delta after building populated DBMS; includes DBMS/cache/pages/index structures"
"2026-07-16T02:49:03.711082361Z","dbms-level","SKIPLIST","dbms_safe_batch_insert_sequential",1000,4,1000,5826009,5.826009,5826.009,171644.08774514424,0,0.0,"DBMS-level safe batch insert through db.insert(table, List<Row>)"
"2026-07-16T02:49:03.718269025Z","dbms-level","SKIPLIST","dbms_safe_batch_insert_random",1000,4,1000,3683867,3.683867,3683.867,271453.88256416423,0,0.0,"DBMS-level safe batch insert through db.insert(table, List<Row>)"
"2026-07-16T02:49:03.757215247Z","dbms-level","SKIPLIST","dbms_equality_search_primary_key",1000,4,1000,34371169,34.371169,34371.169,29094.15155475218,0,0.0,"SELECT by indexed primary key username"
"2026-07-16T02:49:04.063894972Z","dbms-level","SKIPLIST","dbms_duplicate_equality_search_secondary_index",1000,4,1000,300996435,300.996435,300996.435,3322.2984850302296,0,0.0,"SELECT by indexed non-unique age column"
"2026-07-16T02:49:04.301772050Z","dbms-level","SKIPLIST","dbms_range_search_secondary_index",1000,4,200,234810619,234.810619,1174053.095,851.7502353673366,0,0.0,"Range WHERE on indexed age column"
"2026-07-16T02:49:04.308479486Z","dbms-level","SKIPLIST","dbms_delete_by_primary_key",1000,4,100,3167629,3.167629,31676.29,31569.35360801407,0,0.0,"DELETE by indexed primary key username"
"2026-07-16T02:49:04.518146013Z","dbms-level","SKIPLIST","dbms_memory_after_build",1000,4,1000,3497187,3.497187,3497.187,285944.1030748427,1087728,1.0373382568359375,"approximate heap delta after building populated DBMS; includes DBMS/cache/pages/index structures"
"2026-07-16T02:49:04.523371395Z","dbms-level","HASH_INDEX","dbms_safe_batch_insert_sequential",1000,4,1000,2618571,2.618571,2618.571,381887.6784322441,0,0.0,"DBMS-level safe batch insert through db.insert(table, List<Row>)"
"2026-07-16T02:49:04.528120698Z","dbms-level","HASH_INDEX","dbms_safe_batch_insert_random",1000,4,1000,1459165,1.459165,1459.165,685323.4555379276,0,0.0,"DBMS-level safe batch insert through db.insert(table, List<Row>)"
"2026-07-16T02:49:04.609001742Z","dbms-level","HASH_INDEX","dbms_equality_search_primary_key",1000,4,1000,77892495,77.892495,77892.495,12838.207326649377,0,0.0,"SELECT by indexed primary key username"
"2026-07-16T02:49:04.914692339Z","dbms-level","HASH_INDEX","dbms_duplicate_equality_search_secondary_index",1000,4,1000,300681385,300.681385,300681.385,3325.779545680887,0,0.0,"SELECT by indexed non-unique age column"
"2026-07-16T02:49:05.140927678Z","dbms-level","HASH_INDEX","dbms_range_search_secondary_index",1000,4,200,223620529,223.620529,1118102.645,894.37226937246,0,0.0,"Range WHERE on Hash Index uses fallback behavior"
"2026-07-16T02:49:05.150051476Z","dbms-level","HASH_INDEX","dbms_delete_by_primary_key",1000,4,100,6037568,6.037568,60375.68,16562.960450300518,0,0.0,"DELETE by indexed primary key username"
"2026-07-16T02:49:05.359586564Z","dbms-level","HASH_INDEX","dbms_memory_after_build",1000,4,1000,2998820,2.99882,2998.82,333464.4960351071,739392,0.70513916015625,"approximate heap delta after building populated DBMS; includes DBMS/cache/pages/index structures"
"2026-07-16T02:49:05.365586803Z","dbms-level","RED_BLACK_TREE","dbms_safe_batch_insert_sequential",1000,4,1000,3406508,3.406508,3406.508,293555.74682343326,0,0.0,"DBMS-level safe batch insert through db.insert(table, List<Row>)"
"2026-07-16T02:49:05.370171637Z","dbms-level","RED_BLACK_TREE","dbms_safe_batch_insert_random",1000,4,1000,2635390,2.63539,2635.39,379450.4798151317,0,0.0,"DBMS-level safe batch insert through db.insert(table, List<Row>)"
"2026-07-16T02:49:05.407714694Z","dbms-level","RED_BLACK_TREE","dbms_equality_search_primary_key",1000,4,1000,33289443,33.289443,33289.443,30039.553380331414,0,0.0,"SELECT by indexed primary key username"
"2026-07-16T02:49:05.714973996Z","dbms-level","RED_BLACK_TREE","dbms_duplicate_equality_search_secondary_index",1000,4,1000,301584213,301.584213,301584.213,3315.8234313810053,0,0.0,"SELECT by indexed non-unique age column"
"2026-07-16T02:49:05.944933201Z","dbms-level","RED_BLACK_TREE","dbms_range_search_secondary_index",1000,4,200,226778686,226.778686,1133893.43,881.9170951541715,0,0.0,"Range WHERE on indexed age column"
"2026-07-16T02:49:05.951675148Z","dbms-level","RED_BLACK_TREE","dbms_delete_by_primary_key",1000,4,100,3290918,3.290918,32909.18,30386.65806926821,0,0.0,"DELETE by indexed primary key username"
"2026-07-16T02:49:06.161582775Z","dbms-level","RED_BLACK_TREE","dbms_memory_after_build",1000,4,1000,3293108,3.293108,3293.108,303664.50174121227,751872,0.717041015625,"approximate heap delta after building populated DBMS; includes DBMS/cache/pages/index structures"
"2026-07-16T02:49:06.185014322Z","dbms-level","BTREE","dbms_safe_batch_insert_sequential",5000,4,5000,14920437,14.920437,2984.0874,335110.8281882092,0,0.0,"DBMS-level safe batch insert through db.insert(table, List<Row>)"
"2026-07-16T02:49:06.212571374Z","dbms-level","BTREE","dbms_safe_batch_insert_random",5000,4,5000,15365135,15.365135,3073.027,325412.0448665111,0,0.0,"DBMS-level safe batch insert through db.insert(table, List<Row>)"
"2026-07-16T02:49:06.272014354Z","dbms-level","BTREE","dbms_equality_search_primary_key",5000,4,1000,36032013,36.032013,36032.013,27753.098335083305,0,0.0,"SELECT by indexed primary key username"
"2026-07-16T02:49:07.638431866Z","dbms-level","BTREE","dbms_duplicate_equality_search_secondary_index",5000,4,1000,1345276937,1345.276937,1345276.937,743.3413689749444,0,0.0,"SELECT by indexed non-unique age column"
"2026-07-16T02:49:13.564347994Z","dbms-level","BTREE","dbms_range_search_secondary_index",5000,4,200,5915317816,5915.317816,2.957658908E7,33.81052484771513,0,0.0,"Range WHERE on indexed age column"
"2026-07-16T02:49:13.596322361Z","dbms-level","BTREE","dbms_delete_by_primary_key",5000,4,500,17112579,17.112579,34225.158,29218.27271038457,0,0.0,"DELETE by indexed primary key username"
"2026-07-16T02:49:13.834376468Z","dbms-level","BTREE","dbms_memory_after_build",5000,4,5000,26613916,26.613916,5322.7832,187871.6382812661,3540464,3.3764495849609375,"approximate heap delta after building populated DBMS; includes DBMS/cache/pages/index structures"
"2026-07-16T02:49:13.852030275Z","dbms-level","SKIPLIST","dbms_safe_batch_insert_sequential",5000,4,5000,8623119,8.623119,1724.6238,579836.5997268505,0,0.0,"DBMS-level safe batch insert through db.insert(table, List<Row>)"
"2026-07-16T02:49:13.879537748Z","dbms-level","SKIPLIST","dbms_safe_batch_insert_random",5000,4,5000,15202896,15.202896,3040.5792,328884.70722946466,0,0.0,"DBMS-level safe batch insert through db.insert(table, List<Row>)"
"2026-07-16T02:49:13.942003017Z","dbms-level","SKIPLIST","dbms_equality_search_primary_key",5000,4,1000,37635567,37.635567,37635.567,26570.610720438992,0,0.0,"SELECT by indexed primary key username"
"2026-07-16T02:49:15.307726421Z","dbms-level","SKIPLIST","dbms_duplicate_equality_search_secondary_index",5000,4,1000,1343977832,1343.977832,1343977.832,744.0598916069026,0,0.0,"SELECT by indexed non-unique age column"
"2026-07-16T02:49:21.124398387Z","dbms-level","SKIPLIST","dbms_range_search_secondary_index",5000,4,200,5804832957,5804.832957,2.9024164785E7,34.454049148618765,0,0.0,"Range WHERE on indexed age column"
"2026-07-16T02:49:21.156475683Z","dbms-level","SKIPLIST","dbms_delete_by_primary_key",5000,4,500,17439919,17.439919,34879.838,28669.85792766583,0,0.0,"DELETE by indexed primary key username"
"2026-07-16T02:49:21.377267342Z","dbms-level","SKIPLIST","dbms_memory_after_build",5000,4,5000,18810014,18.810014,3762.0028,265815.85744699603,5461328,5.2083282470703125,"approximate heap delta after building populated DBMS; includes DBMS/cache/pages/index structures"
"2026-07-16T02:49:21.397320851Z","dbms-level","HASH_INDEX","dbms_safe_batch_insert_sequential",5000,4,5000,8559570,8.55957,1711.914,584141.493089022,0,0.0,"DBMS-level safe batch insert through db.insert(table, List<Row>)"
"2026-07-16T02:49:21.420624688Z","dbms-level","HASH_INDEX","dbms_safe_batch_insert_random",5000,4,5000,9151247,9.151247,1830.2494,546373.6253649367,0,0.0,"DBMS-level safe batch insert through db.insert(table, List<Row>)"
"2026-07-16T02:49:21.570619897Z","dbms-level","HASH_INDEX","dbms_equality_search_primary_key",5000,4,1000,139084027,139.084027,139084.027,7189.89823324572,0,0.0,"SELECT by indexed primary key username"
"2026-07-16T02:49:22.925030732Z","dbms-level","HASH_INDEX","dbms_duplicate_equality_search_secondary_index",5000,4,1000,1343587213,1343.587213,1343587.213,744.2762109704597,0,0.0,"SELECT by indexed non-unique age column"
"2026-07-16T02:49:28.235189431Z","dbms-level","HASH_INDEX","dbms_range_search_secondary_index",5000,4,200,5301405000,5301.405,2.6507025E7,37.72584814780233,0,0.0,"Range WHERE on Hash Index uses fallback behavior"
"2026-07-16T02:49:28.341317925Z","dbms-level","HASH_INDEX","dbms_delete_by_primary_key",5000,4,500,94228476,94.228476,188456.952,5306.251583650785,0,0.0,"DELETE by indexed primary key username"
"2026-07-16T02:49:28.569988345Z","dbms-level","HASH_INDEX","dbms_memory_after_build",5000,4,5000,19449911,19.449911,3889.9822,257070.5850530627,3623232,3.45538330078125,"approximate heap delta after building populated DBMS; includes DBMS/cache/pages/index structures"
"2026-07-16T02:49:28.587932242Z","dbms-level","RED_BLACK_TREE","dbms_safe_batch_insert_sequential",5000,4,5000,9018638,9.018638,1803.7276,554407.4393494893,0,0.0,"DBMS-level safe batch insert through db.insert(table, List<Row>)"
"2026-07-16T02:49:28.612095966Z","dbms-level","RED_BLACK_TREE","dbms_safe_batch_insert_random",5000,4,5000,12341647,12.341647,2468.3294,405132.3133776229,0,0.0,"DBMS-level safe batch insert through db.insert(table, List<Row>)"
"2026-07-16T02:49:28.657538156Z","dbms-level","RED_BLACK_TREE","dbms_equality_search_primary_key",5000,4,1000,21572524,21.572524,21572.524,46355.261906302665,0,0.0,"SELECT by indexed primary key username"
"2026-07-16T02:49:29.990549046Z","dbms-level","RED_BLACK_TREE","dbms_duplicate_equality_search_secondary_index",5000,4,1000,1319750028,1319.750028,1319750.028,757.7192489364356,0,0.0,"SELECT by indexed non-unique age column"
"2026-07-16T02:49:35.916995153Z","dbms-level","RED_BLACK_TREE","dbms_range_search_secondary_index",5000,4,200,5909412757,5909.412757,2.9547063785E7,33.84431046267496,0,0.0,"Range WHERE on indexed age column"
"2026-07-16T02:49:35.945531302Z","dbms-level","RED_BLACK_TREE","dbms_delete_by_primary_key",5000,4,500,15572374,15.572374,31144.748,32108.14227811379,0,0.0,"DELETE by indexed primary key username"
"2026-07-16T02:49:36.170744034Z","dbms-level","RED_BLACK_TREE","dbms_memory_after_build",5000,4,5000,15520175,15.520175,3104.035,322161.31583567837,3679864,3.5093917846679688,"approximate heap delta after building populated DBMS; includes DBMS/cache/pages/index structures"
"2026-07-16T02:49:36.199595652Z","dbms-level","BTREE","dbms_safe_batch_insert_sequential",10000,4,10000,16229413,16.229413,1622.9413,616165.2303752452,0,0.0,"DBMS-level safe batch insert through db.insert(table, List<Row>)"
"2026-07-16T02:49:36.244900781Z","dbms-level","BTREE","dbms_safe_batch_insert_random",10000,4,10000,23999655,23.999655,2399.9655,416672.65633610147,0,0.0,"DBMS-level safe batch insert through db.insert(table, List<Row>)"
"2026-07-16T02:49:36.292286594Z","dbms-level","BTREE","dbms_equality_search_primary_key",10000,4,1000,20332088,20.332088,20332.088,49183.34014686538,0,0.0,"SELECT by indexed primary key username"
"2026-07-16T02:49:38.981450032Z","dbms-level","BTREE","dbms_duplicate_equality_search_secondary_index",10000,4,1000,2652064630,2652.06463,2652064.63,377.0647173104526,0,0.0,"SELECT by indexed non-unique age column"
"2026-07-16T02:50:02.343353857Z","dbms-level","BTREE","dbms_range_search_secondary_index",10000,4,200,23339230295,23339.230295,1.16696151475E8,8.569262887938782,0,0.0,"Range WHERE on indexed age column"
"2026-07-16T02:50:02.403866073Z","dbms-level","BTREE","dbms_delete_by_primary_key",10000,4,1000,32736254,32.736254,32736.254,30547.172562871732,0,0.0,"DELETE by indexed primary key username"
"2026-07-16T02:50:02.651722895Z","dbms-level","BTREE","dbms_memory_after_build",10000,4,10000,45717938,45.717938,4571.7938,218732.52463835967,7053744,6.7269744873046875,"approximate heap delta after building populated DBMS; includes DBMS/cache/pages/index structures"
"2026-07-16T02:50:02.696156858Z","dbms-level","SKIPLIST","dbms_safe_batch_insert_sequential",10000,4,10000,25115081,25.115081,2511.5081,398167.1410894514,0,0.0,"DBMS-level safe batch insert through db.insert(table, List<Row>)"
"2026-07-16T02:50:02.736985953Z","dbms-level","SKIPLIST","dbms_safe_batch_insert_random",10000,4,10000,26245157,26.245157,2624.5157,381022.6778220454,0,0.0,"DBMS-level safe batch insert through db.insert(table, List<Row>)"
"2026-07-16T02:50:02.823519667Z","dbms-level","SKIPLIST","dbms_equality_search_primary_key",10000,4,1000,34861817,34.861817,34861.817,28684.678139409654,0,0.0,"SELECT by indexed primary key username"
"2026-07-16T02:50:05.539366641Z","dbms-level","SKIPLIST","dbms_duplicate_equality_search_secondary_index",10000,4,1000,2671102683,2671.102683,2671102.683,374.3772211994742,0,0.0,"SELECT by indexed non-unique age column"
"2026-07-16T02:50:31.428096800Z","dbms-level","SKIPLIST","dbms_range_search_secondary_index",10000,4,200,25865309282,25865.309282,1.2932654641E8,7.7323645280817335,0,0.0,"Range WHERE on indexed age column"
"2026-07-16T02:50:31.501329650Z","dbms-level","SKIPLIST","dbms_delete_by_primary_key",10000,4,1000,44603112,44.603112,44603.112,22419.96029335352,0,0.0,"DELETE by indexed primary key username"
"2026-07-16T02:50:31.756066378Z","dbms-level","SKIPLIST","dbms_memory_after_build",10000,4,10000,52765523,52.765523,5276.5523,189517.68942004043,10671392,10.177032470703125,"approximate heap delta after building populated DBMS; includes DBMS/cache/pages/index structures"
"2026-07-16T02:50:31.794580192Z","dbms-level","HASH_INDEX","dbms_safe_batch_insert_sequential",10000,4,10000,16807910,16.80791,1680.791,594957.9691942664,0,0.0,"DBMS-level safe batch insert through db.insert(table, List<Row>)"
"2026-07-16T02:50:31.819692593Z","dbms-level","HASH_INDEX","dbms_safe_batch_insert_random",10000,4,10000,12031557,12.031557,1203.1557,831147.6228720854,0,0.0,"DBMS-level safe batch insert through db.insert(table, List<Row>)"
"2026-07-16T02:50:32.142447920Z","dbms-level","HASH_INDEX","dbms_equality_search_primary_key",10000,4,1000,291763447,291.763447,291763.447,3427.4341432496167,0,0.0,"SELECT by indexed primary key username"
"2026-07-16T02:50:34.785267293Z","dbms-level","HASH_INDEX","dbms_duplicate_equality_search_secondary_index",10000,4,1000,2607406208,2607.406208,2607406.208,383.52290369326295,0,0.0,"SELECT by indexed non-unique age column"
"2026-07-16T02:50:56.440904189Z","dbms-level","HASH_INDEX","dbms_range_search_secondary_index",10000,4,200,21638037789,21638.037789,1.08190188945E8,9.242982286576504,0,0.0,"Range WHERE on Hash Index uses fallback behavior"
"2026-07-16T02:50:56.789752884Z","dbms-level","HASH_INDEX","dbms_delete_by_primary_key",10000,4,1000,328346837,328.346837,328346.837,3045.5600216426024,0,0.0,"DELETE by indexed primary key username"
"2026-07-16T02:50:57.051057289Z","dbms-level","HASH_INDEX","dbms_memory_after_build",10000,4,10000,47856261,47.856261,4785.6261,208959.07434139078,7210016,6.876007080078125,"approximate heap delta after building populated DBMS; includes DBMS/cache/pages/index structures"
"2026-07-16T02:50:57.089311373Z","dbms-level","RED_BLACK_TREE","dbms_safe_batch_insert_sequential",10000,4,10000,21963662,21.963662,2196.3662,455297.4818133698,0,0.0,"DBMS-level safe batch insert through db.insert(table, List<Row>)"
"2026-07-16T02:50:57.120935331Z","dbms-level","RED_BLACK_TREE","dbms_safe_batch_insert_random",10000,4,10000,15710734,15.710734,1571.0734,636507.4986311906,0,0.0,"DBMS-level safe batch insert through db.insert(table, List<Row>)"
"2026-07-16T02:50:57.183493340Z","dbms-level","RED_BLACK_TREE","dbms_equality_search_primary_key",10000,4,1000,30435162,30.435162,30435.162,32856.73327449349,0,0.0,"SELECT by indexed primary key username"
"2026-07-16T02:50:59.875424519Z","dbms-level","RED_BLACK_TREE","dbms_duplicate_equality_search_secondary_index",10000,4,1000,2648606373,2648.606373,2648606.373,377.5570466770904,0,0.0,"SELECT by indexed non-unique age column"
"2026-07-16T02:51:23.435956440Z","dbms-level","RED_BLACK_TREE","dbms_range_search_secondary_index",10000,4,200,23537459653,23537.459653,1.17687298265E8,8.497093694412715,0,0.0,"Range WHERE on indexed age column"
"2026-07-16T02:51:23.499322946Z","dbms-level","RED_BLACK_TREE","dbms_delete_by_primary_key",10000,4,1000,33724510,33.72451,33724.51,29652.024595761362,0,0.0,"DELETE by indexed primary key username"
"2026-07-16T02:51:23.766051541Z","dbms-level","RED_BLACK_TREE","dbms_memory_after_build",10000,4,10000,51856026,51.856026,5185.6026,192841.6188313389,7330120,6.990547180175781,"approximate heap delta after building populated DBMS; includes DBMS/cache/pages/index structures"
"2026-07-16T02:51:23.969411371Z","dbms-level","BTREE","dbms_safe_batch_insert_sequential",50000,4,50000,131103486,131.103486,2622.06972,381378.1122494333,0,0.0,"DBMS-level safe batch insert through db.insert(table, List<Row>)"
"2026-07-16T02:51:24.149802733Z","dbms-level","BTREE","dbms_safe_batch_insert_random",50000,4,50000,110651668,110.651668,2213.03336,451868.47070393915,0,0.0,"DBMS-level safe batch insert through db.insert(table, List<Row>)"
"2026-07-16T02:51:24.371910576Z","dbms-level","BTREE","dbms_equality_search_primary_key",50000,4,1000,23461406,23.461406,23461.406,42623.1914660187,0,0.0,"SELECT by indexed primary key username"
"2026-07-16T02:51:37.169056187Z","dbms-level","BTREE","dbms_duplicate_equality_search_secondary_index",50000,4,1000,12607006484,12607.006484,1.2607006484E7,79.32097133995573,0,0.0,"SELECT by indexed non-unique age column"
"2026-07-16T03:01:56.855677082Z","dbms-level","BTREE","dbms_range_search_secondary_index",50000,4,200,619555906338,619555.906338,3.09777953169E9,0.32281186887901214,0,0.0,"Range WHERE on indexed age column"
"2026-07-16T03:01:57.074107633Z","dbms-level","BTREE","dbms_delete_by_primary_key",50000,4,1000,84709238,84.709238,84709.238,11805.087893719454,0,0.0,"DELETE by indexed primary key username"
"2026-07-16T03:01:57.442829573Z","dbms-level","BTREE","dbms_memory_after_build",50000,4,50000,160012690,160.01269,3200.2538,312475.2168093668,29739640,28.36193084716797,"approximate heap delta after building populated DBMS; includes DBMS/cache/pages/index structures"
"2026-07-16T03:01:57.597875992Z","dbms-level","SKIPLIST","dbms_safe_batch_insert_sequential",50000,4,50000,98382079,98.382079,1967.64158,508222.64083278825,0,0.0,"DBMS-level safe batch insert through db.insert(table, List<Row>)"
"2026-07-16T03:01:57.855969093Z","dbms-level","SKIPLIST","dbms_safe_batch_insert_random",50000,4,50000,168824960,168.82496,3376.4992,296164.7377259855,0,0.0,"DBMS-level safe batch insert through db.insert(table, List<Row>)"
"2026-07-16T03:01:58.099902156Z","dbms-level","SKIPLIST","dbms_equality_search_primary_key",50000,4,1000,18929110,18.92911,18929.11,52828.685553626136,0,0.0,"SELECT by indexed primary key username"
"2026-07-16T03:02:10.736749286Z","dbms-level","SKIPLIST","dbms_duplicate_equality_search_secondary_index",50000,4,1000,12455574753,12455.574753,1.2455574753E7,80.2853356694073,0,0.0,"SELECT by indexed non-unique age column"
"2026-07-16T03:12:24.026832838Z","dbms-level","SKIPLIST","dbms_range_search_secondary_index",50000,4,200,613157681231,613157.681231,3.065788406155E9,0.3261803710890027,0,0.0,"Range WHERE on indexed age column"
"2026-07-16T03:12:24.343654622Z","dbms-level","SKIPLIST","dbms_delete_by_primary_key",50000,4,1000,177960250,177.96025,177960.25,5619.23238476008,0,0.0,"DELETE by indexed primary key username"
"2026-07-16T03:12:24.719604140Z","dbms-level","SKIPLIST","dbms_memory_after_build",50000,4,50000,162203558,162.203558,3244.07116,308254.64383463154,47288272,45.09761047363281,"approximate heap delta after building populated DBMS; includes DBMS/cache/pages/index structures"
"2026-07-16T03:12:24.826998808Z","dbms-level","HASH_INDEX","dbms_safe_batch_insert_sequential",50000,4,50000,67555224,67.555224,1351.10448,740135.2114530773,0,0.0,"DBMS-level safe batch insert through db.insert(table, List<Row>)"
"2026-07-16T03:12:24.970700393Z","dbms-level","HASH_INDEX","dbms_safe_batch_insert_random",50000,4,50000,64540784,64.540784,1290.81568,774703.9453378812,0,0.0,"DBMS-level safe batch insert through db.insert(table, List<Row>)"
"2026-07-16T03:12:26.595741281Z","dbms-level","HASH_INDEX","dbms_equality_search_primary_key",50000,4,1000,1488811055,1488.811055,1488811.055,671.6769039574333,0,0.0,"SELECT by indexed primary key username"
"2026-07-16T03:12:39.009298169Z","dbms-level","HASH_INDEX","dbms_duplicate_equality_search_secondary_index",50000,4,1000,12310292515,12310.292515,1.2310292515E7,81.23283819466576,0,0.0,"SELECT by indexed non-unique age column"
"2026-07-16T03:21:52.982823807Z","dbms-level","HASH_INDEX","dbms_range_search_secondary_index",50000,4,200,553875493606,553875.493606,2.76937746803E9,0.3610919824199159,0,0.0,"Range WHERE on Hash Index uses fallback behavior"
"2026-07-16T03:21:54.217675159Z","dbms-level","HASH_INDEX","dbms_delete_by_primary_key",50000,4,1000,1124416915,1124.416915,1124416.915,889.3498369330382,0,0.0,"DELETE by indexed primary key username"
"2026-07-16T03:21:54.550296206Z","dbms-level","HASH_INDEX","dbms_memory_after_build",50000,4,50000,124196936,124.196936,2483.93872,402586.42129464453,30380592,28.973190307617188,"approximate heap delta after building populated DBMS; includes DBMS/cache/pages/index structures"
"2026-07-16T03:21:54.689431638Z","dbms-level","RED_BLACK_TREE","dbms_safe_batch_insert_sequential",50000,4,50000,94762034,94.762034,1895.24068,527637.4713527149,0,0.0,"DBMS-level safe batch insert through db.insert(table, List<Row>)"
"2026-07-16T03:21:54.926196124Z","dbms-level","RED_BLACK_TREE","dbms_safe_batch_insert_random",50000,4,50000,156296099,156.296099,3125.92198,319905.6170941285,0,0.0,"DBMS-level safe batch insert through db.insert(table, List<Row>)"
"2026-07-16T03:21:55.103202387Z","dbms-level","RED_BLACK_TREE","dbms_equality_search_primary_key",50000,4,1000,12171776,12.171776,12171.776,82157.27926639465,0,0.0,"SELECT by indexed primary key username"
"2026-07-16T03:22:07.768899565Z","dbms-level","RED_BLACK_TREE","dbms_duplicate_equality_search_secondary_index",50000,4,1000,12528391639,12528.391639,1.2528391639E7,79.81870529071509,0,0.0,"SELECT by indexed non-unique age column"
"2026-07-16T03:32:07.498000146Z","dbms-level","RED_BLACK_TREE","dbms_range_search_secondary_index",50000,4,200,599594696531,599594.696531,2.997973482655E9,0.33355865413272495,0,0.0,"Range WHERE on indexed age column"
"2026-07-16T03:32:07.716199695Z","dbms-level","RED_BLACK_TREE","dbms_delete_by_primary_key",50000,4,1000,77530875,77.530875,77530.875,12898.087374868399,0,0.0,"DELETE by indexed primary key username"
"2026-07-16T03:32:08.087822388Z","dbms-level","RED_BLACK_TREE","dbms_memory_after_build",50000,4,50000,159797771,159.797771,3195.95542,312895.47837309947,31104704,29.66375732421875,"approximate heap delta after building populated DBMS; includes DBMS/cache/pages/index structures"
"2026-07-16T03:32:08.091862193Z","dbms-level","BTREE","dbms_safe_batch_insert_sequential",1000,5,1000,1212125,1.212125,1212.125,824997.4218830565,0,0.0,"DBMS-level safe batch insert through db.insert(table, List<Row>)"
"2026-07-16T03:32:08.094437123Z","dbms-level","BTREE","dbms_safe_batch_insert_random",1000,5,1000,1256705,1.256705,1256.705,795731.6951870167,0,0.0,"DBMS-level safe batch insert through db.insert(table, List<Row>)"
"2026-07-16T03:32:08.114517987Z","dbms-level","BTREE","dbms_equality_search_primary_key",1000,5,1000,17683923,17.683923,17683.923,56548.538466266786,0,0.0,"SELECT by indexed primary key username"
"2026-07-16T03:32:08.426185769Z","dbms-level","BTREE","dbms_duplicate_equality_search_secondary_index",1000,5,1000,309038942,309.038942,309038.942,3235.8381553092427,0,0.0,"SELECT by indexed non-unique age column"
"2026-07-16T03:32:08.654302329Z","dbms-level","BTREE","dbms_range_search_secondary_index",1000,5,200,224250305,224.250305,1121251.525,891.8605484170913,0,0.0,"Range WHERE on indexed age column"
"2026-07-16T03:32:08.660456386Z","dbms-level","BTREE","dbms_delete_by_primary_key",1000,5,100,2969188,2.969188,29691.88,33679.24159736601,0,0.0,"DELETE by indexed primary key username"
"2026-07-16T03:32:08.864225840Z","dbms-level","BTREE","dbms_memory_after_build",1000,5,1000,3043778,3.043778,3043.778,328539.07216623554,722232,0.6887741088867188,"approximate heap delta after building populated DBMS; includes DBMS/cache/pages/index structures"
"2026-07-16T03:32:08.867619107Z","dbms-level","SKIPLIST","dbms_safe_batch_insert_sequential",1000,5,1000,1406285,1.406285,1406.285,711093.4127861707,0,0.0,"DBMS-level safe batch insert through db.insert(table, List<Row>)"
"2026-07-16T03:32:08.872367429Z","dbms-level","SKIPLIST","dbms_safe_batch_insert_random",1000,5,1000,1697284,1.697284,1697.284,589176.5903643704,0,0.0,"DBMS-level safe batch insert through db.insert(table, List<Row>)"
"2026-07-16T03:32:08.904994354Z","dbms-level","SKIPLIST","dbms_equality_search_primary_key",1000,5,1000,29550837,29.550837,29550.837,33839.98903313636,0,0.0,"SELECT by indexed primary key username"
"2026-07-16T03:32:09.204368413Z","dbms-level","SKIPLIST","dbms_duplicate_equality_search_secondary_index",1000,5,1000,293871590,293.87159,293871.59,3402.846801216817,0,0.0,"SELECT by indexed non-unique age column"
"2026-07-16T03:32:09.438603871Z","dbms-level","SKIPLIST","dbms_range_search_secondary_index",1000,5,200,231311979,231.311979,1156559.895,864.6331282306828,0,0.0,"Range WHERE on indexed age column"
"2026-07-16T03:32:09.445701034Z","dbms-level","SKIPLIST","dbms_delete_by_primary_key",1000,5,100,3684746,3.684746,36847.46,27138.912695746192,0,0.0,"DELETE by indexed primary key username"
"2026-07-16T03:32:09.649521567Z","dbms-level","SKIPLIST","dbms_memory_after_build",1000,5,1000,3126878,3.126878,3126.878,319807.8082995243,1082368,1.0322265625,"approximate heap delta after building populated DBMS; includes DBMS/cache/pages/index structures"
"2026-07-16T03:32:09.652782854Z","dbms-level","HASH_INDEX","dbms_safe_batch_insert_sequential",1000,5,1000,1344204,1.344204,1344.204,743934.7003877388,0,0.0,"DBMS-level safe batch insert through db.insert(table, List<Row>)"
"2026-07-16T03:32:09.656326191Z","dbms-level","HASH_INDEX","dbms_safe_batch_insert_random",1000,5,1000,1313515,1.313515,1313.515,761316.0108563664,0,0.0,"DBMS-level safe batch insert through db.insert(table, List<Row>)"
"2026-07-16T03:32:09.717368448Z","dbms-level","HASH_INDEX","dbms_equality_search_primary_key",1000,5,1000,58171058,58.171058,58171.058,17190.679254965587,0,0.0,"SELECT by indexed primary key username"
"2026-07-16T03:32:10.015150933Z","dbms-level","HASH_INDEX","dbms_duplicate_equality_search_secondary_index",1000,5,1000,292687904,292.687904,292687.904,3416.6085660991307,0,0.0,"SELECT by indexed non-unique age column"
"2026-07-16T03:32:10.242510017Z","dbms-level","HASH_INDEX","dbms_range_search_secondary_index",1000,5,200,224925683,224.925683,1124628.415,889.1825839203965,0,0.0,"Range WHERE on Hash Index uses fallback behavior"
"2026-07-16T03:32:10.251268823Z","dbms-level","HASH_INDEX","dbms_delete_by_primary_key",1000,5,100,5762888,5.762888,57628.88,17352.41080513798,0,0.0,"DELETE by indexed primary key username"
"2026-07-16T03:32:10.456492401Z","dbms-level","HASH_INDEX","dbms_memory_after_build",1000,5,1000,2668480,2.66848,2668.48,374745.1732821681,739392,0.70513916015625,"approximate heap delta after building populated DBMS; includes DBMS/cache/pages/index structures"
"2026-07-16T03:32:10.465488937Z","dbms-level","RED_BLACK_TREE","dbms_safe_batch_insert_sequential",1000,5,1000,6835074,6.835074,6835.074,146304.19509722939,0,0.0,"DBMS-level safe batch insert through db.insert(table, List<Row>)"
"2026-07-16T03:32:10.472704889Z","dbms-level","RED_BLACK_TREE","dbms_safe_batch_insert_random",1000,5,1000,3565876,3.565876,3565.876,280435.9994570759,0,0.0,"DBMS-level safe batch insert through db.insert(table, List<Row>)"
"2026-07-16T03:32:10.507806585Z","dbms-level","RED_BLACK_TREE","dbms_equality_search_primary_key",1000,5,1000,30097505,30.097505,30097.505,33225.345423150524,0,0.0,"SELECT by indexed primary key username"
"2026-07-16T03:32:10.811500908Z","dbms-level","RED_BLACK_TREE","dbms_duplicate_equality_search_secondary_index",1000,5,1000,298601012,298.601012,298601.012,3348.950471741871,0,0.0,"SELECT by indexed non-unique age column"
"2026-07-16T03:32:11.042628417Z","dbms-level","RED_BLACK_TREE","dbms_range_search_secondary_index",1000,5,200,228005891,228.005891,1140029.455,877.1703183756774,0,0.0,"Range WHERE on indexed age column"
"2026-07-16T03:32:11.051287934Z","dbms-level","RED_BLACK_TREE","dbms_delete_by_primary_key",1000,5,100,4498133,4.498133,44981.33,22231.445802069436,0,0.0,"DELETE by indexed primary key username"
"2026-07-16T03:32:11.256054884Z","dbms-level","RED_BLACK_TREE","dbms_memory_after_build",1000,5,1000,3146818,3.146818,3146.818,317781.3270421105,751872,0.717041015625,"approximate heap delta after building populated DBMS; includes DBMS/cache/pages/index structures"
"2026-07-16T03:32:11.286804596Z","dbms-level","BTREE","dbms_safe_batch_insert_sequential",5000,5,5000,22248375,22.248375,4449.675,224735.5143915005,0,0.0,"DBMS-level safe batch insert through db.insert(table, List<Row>)"
"2026-07-16T03:32:11.317686949Z","dbms-level","BTREE","dbms_safe_batch_insert_random",5000,5,5000,14983483,14.983483,2996.6966,333700.7823881804,0,0.0,"DBMS-level safe batch insert through db.insert(table, List<Row>)"
"2026-07-16T03:32:11.383103019Z","dbms-level","BTREE","dbms_equality_search_primary_key",5000,5,1000,35539374,35.539374,35539.374,28137.805691231366,0,0.0,"SELECT by indexed primary key username"
"2026-07-16T03:32:12.721753967Z","dbms-level","BTREE","dbms_duplicate_equality_search_secondary_index",5000,5,1000,1320405077,1320.405077,1320405.077,757.3433466887526,0,0.0,"SELECT by indexed non-unique age column"
"2026-07-16T03:32:18.455685834Z","dbms-level","BTREE","dbms_range_search_secondary_index",5000,5,200,5723404627,5723.404627,2.8617023135E7,34.94423564891876,0,0.0,"Range WHERE on indexed age column"
"2026-07-16T03:32:18.486028809Z","dbms-level","BTREE","dbms_delete_by_primary_key",5000,5,500,16225698,16.225698,32451.396,30815.315310318238,0,0.0,"DELETE by indexed primary key username"
"2026-07-16T03:32:18.726880041Z","dbms-level","BTREE","dbms_memory_after_build",5000,5,5000,24909035,24.909035,4981.807,200730.37755175983,3540464,3.3764495849609375,"approximate heap delta after building populated DBMS; includes DBMS/cache/pages/index structures"
"2026-07-16T03:32:18.748778087Z","dbms-level","SKIPLIST","dbms_safe_batch_insert_sequential",5000,5,5000,15087153,15.087153,3017.4306,331407.7878046309,0,0.0,"DBMS-level safe batch insert through db.insert(table, List<Row>)"
"2026-07-16T03:32:18.781481093Z","dbms-level","SKIPLIST","dbms_safe_batch_insert_random",5000,5,5000,16618957,16.618957,3323.7914,300861.23936658597,0,0.0,"DBMS-level safe batch insert through db.insert(table, List<Row>)"
"2026-07-16T03:32:18.822144248Z","dbms-level","SKIPLIST","dbms_equality_search_primary_key",5000,5,1000,19564136,19.564136,19564.136,51113.936235160094,0,0.0,"SELECT by indexed primary key username"
"2026-07-16T03:32:20.109237232Z","dbms-level","SKIPLIST","dbms_duplicate_equality_search_secondary_index",5000,5,1000,1273763115,1273.763115,1273763.115,785.0753316875564,0,0.0,"SELECT by indexed non-unique age column"
"2026-07-16T03:32:26.021270500Z","dbms-level","SKIPLIST","dbms_range_search_secondary_index",5000,5,200,5899652515,5899.652515,2.9498262575E7,33.900301668868714,0,0.0,"Range WHERE on indexed age column"
"2026-07-16T03:32:26.054522723Z","dbms-level","SKIPLIST","dbms_delete_by_primary_key",5000,5,500,19144047,19.144047,38288.094,26117.779589655205,0,0.0,"DELETE by indexed primary key username"
"2026-07-16T03:32:26.272227674Z","dbms-level","SKIPLIST","dbms_memory_after_build",5000,5,5000,13300660,13.30066,2660.132,375921.1948880732,5454456,5.201774597167969,"approximate heap delta after building populated DBMS; includes DBMS/cache/pages/index structures"
"2026-07-16T03:32:26.287201917Z","dbms-level","HASH_INDEX","dbms_safe_batch_insert_sequential",5000,5,5000,7252402,7.252402,1450.4804,689426.7581968015,0,0.0,"DBMS-level safe batch insert through db.insert(table, List<Row>)"
"2026-07-16T03:32:26.308642275Z","dbms-level","HASH_INDEX","dbms_safe_batch_insert_random",5000,5,5000,8563857,8.563857,1712.7714,583849.0764149845,0,0.0,"DBMS-level safe batch insert through db.insert(table, List<Row>)"
"2026-07-16T03:32:26.532491132Z","dbms-level","HASH_INDEX","dbms_equality_search_primary_key",5000,5,1000,203884573,203.884573,203884.573,4904.735975291274,0,0.0,"SELECT by indexed primary key username"
"2026-07-16T03:32:27.857611862Z","dbms-level","HASH_INDEX","dbms_duplicate_equality_search_secondary_index",5000,5,1000,1305511505,1305.511505,1305511.505,765.9832917366746,0,0.0,"SELECT by indexed non-unique age column"
"2026-07-16T03:32:33.437430106Z","dbms-level","HASH_INDEX","dbms_range_search_secondary_index",5000,5,200,5571289447,5571.289447,2.7856447235E7,35.898332316533114,0,0.0,"Range WHERE on Hash Index uses fallback behavior"
"2026-07-16T03:32:33.540471993Z","dbms-level","HASH_INDEX","dbms_delete_by_primary_key",5000,5,500,92912016,92.912016,185824.032,5381.435270977222,0,0.0,"DELETE by indexed primary key username"
"2026-07-16T03:32:33.763155125Z","dbms-level","HASH_INDEX","dbms_memory_after_build",5000,5,5000,19847424,19.847424,3969.4848,251921.86149698825,3623232,3.45538330078125,"approximate heap delta after building populated DBMS; includes DBMS/cache/pages/index structures"
"2026-07-16T03:32:33.779633432Z","dbms-level","RED_BLACK_TREE","dbms_safe_batch_insert_sequential",5000,5,5000,8330089,8.330089,1666.0178,600233.6829774567,0,0.0,"DBMS-level safe batch insert through db.insert(table, List<Row>)"
"2026-07-16T03:32:33.802321596Z","dbms-level","RED_BLACK_TREE","dbms_safe_batch_insert_random",5000,5,5000,11252797,11.252797,2250.5594,444333.9731446324,0,0.0,"DBMS-level safe batch insert through db.insert(table, List<Row>)"
"2026-07-16T03:32:33.846054029Z","dbms-level","RED_BLACK_TREE","dbms_equality_search_primary_key",5000,5,1000,22114375,22.114375,22114.375,45219.45567080237,0,0.0,"SELECT by indexed primary key username"
"2026-07-16T03:32:35.160070301Z","dbms-level","RED_BLACK_TREE","dbms_duplicate_equality_search_secondary_index",5000,5,1000,1301444240,1301.44424,1301444.24,768.3771376943511,0,0.0,"SELECT by indexed non-unique age column"
"2026-07-16T03:32:40.950066694Z","dbms-level","RED_BLACK_TREE","dbms_range_search_secondary_index",5000,5,200,5776522225,5776.522225,2.8882611125E7,34.62290842306938,0,0.0,"Range WHERE on indexed age column"
"2026-07-16T03:32:40.981513705Z","dbms-level","RED_BLACK_TREE","dbms_delete_by_primary_key",5000,5,500,17154135,17.154135,34308.27,29147.491260853432,0,0.0,"DELETE by indexed primary key username"
"2026-07-16T03:32:41.204512535Z","dbms-level","RED_BLACK_TREE","dbms_memory_after_build",5000,5,5000,17620543,17.620543,3524.1086,283759.7002544133,3677184,3.5068359375,"approximate heap delta after building populated DBMS; includes DBMS/cache/pages/index structures"
"2026-07-16T03:32:41.236622133Z","dbms-level","BTREE","dbms_safe_batch_insert_sequential",10000,5,10000,16792166,16.792166,1679.2166,595515.789922515,0,0.0,"DBMS-level safe batch insert through db.insert(table, List<Row>)"
"2026-07-16T03:32:41.271277421Z","dbms-level","BTREE","dbms_safe_batch_insert_random",10000,5,10000,18600429,18.600429,1860.0429,537622.0086106616,0,0.0,"DBMS-level safe batch insert through db.insert(table, List<Row>)"
"2026-07-16T03:32:41.323639361Z","dbms-level","BTREE","dbms_equality_search_primary_key",10000,5,1000,24836385,24.836385,24836.385,40263.5085581094,0,0.0,"SELECT by indexed primary key username"
"2026-07-16T03:32:43.958549519Z","dbms-level","BTREE","dbms_duplicate_equality_search_secondary_index",10000,5,1000,2594180883,2594.180883,2594180.883,385.47813167274813,0,0.0,"SELECT by indexed non-unique age column"
"2026-07-16T03:33:08.412204541Z","dbms-level","BTREE","dbms_range_search_secondary_index",10000,5,200,24432288004,24432.288004,1.2216144002E8,8.185889097544054,0,0.0,"Range WHERE on indexed age column"
"2026-07-16T03:33:08.473199108Z","dbms-level","BTREE","dbms_delete_by_primary_key",10000,5,1000,33039184,33.039184,33039.184,30267.091342207485,0,0.0,"DELETE by indexed primary key username"
"2026-07-16T03:33:08.719852988Z","dbms-level","BTREE","dbms_memory_after_build",10000,5,10000,48786234,48.786234,4878.6234,204975.85445927226,7053744,6.7269744873046875,"approximate heap delta after building populated DBMS; includes DBMS/cache/pages/index structures"
"2026-07-16T03:33:08.764464958Z","dbms-level","SKIPLIST","dbms_safe_batch_insert_sequential",10000,5,10000,25249514,25.249514,2524.9514,396047.2268891987,0,0.0,"DBMS-level safe batch insert through db.insert(table, List<Row>)"
"2026-07-16T03:33:08.805313392Z","dbms-level","SKIPLIST","dbms_safe_batch_insert_random",10000,5,10000,25598112,25.598112,2559.8112,390653.8107185405,0,0.0,"DBMS-level safe batch insert through db.insert(table, List<Row>)"
"2026-07-16T03:33:08.887909567Z","dbms-level","SKIPLIST","dbms_equality_search_primary_key",10000,5,1000,33142803,33.142803,33142.803,30172.4630834634,0,0.0,"SELECT by indexed primary key username"
"2026-07-16T03:33:11.549851602Z","dbms-level","SKIPLIST","dbms_duplicate_equality_search_secondary_index",10000,5,1000,2618010772,2618.010772,2618010.772,381.96939855830357,0,0.0,"SELECT by indexed non-unique age column"
"2026-07-16T03:33:35.863404008Z","dbms-level","SKIPLIST","dbms_range_search_secondary_index",10000,5,200,24287310886,24287.310886,1.2143655443E8,8.2347527455288,0,0.0,"Range WHERE on indexed age column"
"2026-07-16T03:33:35.943509983Z","dbms-level","SKIPLIST","dbms_delete_by_primary_key",10000,5,1000,50203138,50.203138,50203.138,19919.073584603415,0,0.0,"DELETE by indexed primary key username"
"2026-07-16T03:33:36.195247422Z","dbms-level","SKIPLIST","dbms_memory_after_build",10000,5,10000,52651169,52.651169,5265.1169,189929.30622300145,10540152,10.051872253417969,"approximate heap delta after building populated DBMS; includes DBMS/cache/pages/index structures"
"2026-07-16T03:33:36.229796241Z","dbms-level","HASH_INDEX","dbms_safe_batch_insert_sequential",10000,5,10000,16506347,16.506347,1650.6347,605827.564390837,0,0.0,"DBMS-level safe batch insert through db.insert(table, List<Row>)"
"2026-07-16T03:33:36.253336611Z","dbms-level","HASH_INDEX","dbms_safe_batch_insert_random",10000,5,10000,9076615,9.076615,907.6615,1101732.308795735,0,0.0,"DBMS-level safe batch insert through db.insert(table, List<Row>)"
"2026-07-16T03:33:36.596704972Z","dbms-level","HASH_INDEX","dbms_equality_search_primary_key",10000,5,1000,312281269,312.281269,312281.269,3202.241374265711,0,0.0,"SELECT by indexed primary key username"
"2026-07-16T03:33:39.235348176Z","dbms-level","HASH_INDEX","dbms_duplicate_equality_search_secondary_index",10000,5,1000,2600878878,2600.878878,2600878.878,384.4854170098728,0,0.0,"SELECT by indexed non-unique age column"
"2026-07-16T03:34:00.223124667Z","dbms-level","HASH_INDEX","dbms_range_search_secondary_index",10000,5,200,20969744300,20969.7443,1.048487215E8,9.537550727311444,0,0.0,"Range WHERE on Hash Index uses fallback behavior"
"2026-07-16T03:34:00.567515104Z","dbms-level","HASH_INDEX","dbms_delete_by_primary_key",10000,5,1000,322645121,322.645121,322645.121,3099.380511010424,0,0.0,"DELETE by indexed primary key username"
"2026-07-16T03:34:00.816021148Z","dbms-level","HASH_INDEX","dbms_memory_after_build",10000,5,10000,48202557,48.202557,4820.2557,207457.8740708714,7210016,6.876007080078125,"approximate heap delta after building populated DBMS; includes DBMS/cache/pages/index structures"
"2026-07-16T03:34:00.859562252Z","dbms-level","RED_BLACK_TREE","dbms_safe_batch_insert_sequential",10000,5,10000,22369735,22.369735,2236.9735,447032.56431066344,0,0.0,"DBMS-level safe batch insert through db.insert(table, List<Row>)"
"2026-07-16T03:34:00.886650989Z","dbms-level","RED_BLACK_TREE","dbms_safe_batch_insert_random",10000,5,10000,16823096,16.823096,1682.3096,594420.9080183577,0,0.0,"DBMS-level safe batch insert through db.insert(table, List<Row>)"
"2026-07-16T03:34:00.956440473Z","dbms-level","RED_BLACK_TREE","dbms_equality_search_primary_key",10000,5,1000,33992901,33.992901,33992.901,29417.906991815733,0,0.0,"SELECT by indexed primary key username"
"2026-07-16T03:34:03.632578174Z","dbms-level","RED_BLACK_TREE","dbms_duplicate_equality_search_secondary_index",10000,5,1000,2633146085,2633.146085,2633146.085,379.7738400070576,0,0.0,"SELECT by indexed non-unique age column"
"2026-07-16T03:34:26.722766162Z","dbms-level","RED_BLACK_TREE","dbms_range_search_secondary_index",10000,5,200,23066999807,23066.999807,1.15334999035E8,8.670395009033955,0,0.0,"Range WHERE on indexed age column"
"2026-07-16T03:34:26.782178776Z","dbms-level","RED_BLACK_TREE","dbms_delete_by_primary_key",10000,5,1000,31687709,31.687709,31687.709,31557.97725862731,0,0.0,"DELETE by indexed primary key username"
"2026-07-16T03:34:27.029837892Z","dbms-level","RED_BLACK_TREE","dbms_memory_after_build",10000,5,10000,51503383,51.503383,5150.3383,194162.0029115369,7330120,6.990547180175781,"approximate heap delta after building populated DBMS; includes DBMS/cache/pages/index structures"
"2026-07-16T03:34:27.208147373Z","dbms-level","BTREE","dbms_safe_batch_insert_sequential",50000,5,50000,102785469,102.785469,2055.70938,486450.0837175729,0,0.0,"DBMS-level safe batch insert through db.insert(table, List<Row>)"
"2026-07-16T03:34:27.408694479Z","dbms-level","BTREE","dbms_safe_batch_insert_random",50000,5,50000,109088894,109.088894,2181.77788,458341.79967027623,0,0.0,"DBMS-level safe batch insert through db.insert(table, List<Row>)"
"2026-07-16T03:34:27.586818680Z","dbms-level","BTREE","dbms_equality_search_primary_key",50000,5,1000,23153202,23.153202,23153.202,43190.570358259734,0,0.0,"SELECT by indexed primary key username"
"2026-07-16T03:34:40.269475913Z","dbms-level","BTREE","dbms_duplicate_equality_search_secondary_index",50000,5,1000,12470126373,12470.126373,1.2470126373E7,80.19164923341712,0,0.0,"SELECT by indexed non-unique age column"
"2026-07-16T03:45:02.457518162Z","dbms-level","BTREE","dbms_range_search_secondary_index",50000,5,200,622067869236,622067.869236,3.11033934618E9,0.3215083271309807,0,0.0,"Range WHERE on indexed age column"
"2026-07-16T03:45:02.685280594Z","dbms-level","BTREE","dbms_delete_by_primary_key",50000,5,1000,89096001,89.096001,89096.001,11223.848307175987,0,0.0,"DELETE by indexed primary key username"
"2026-07-16T03:45:03.054382107Z","dbms-level","BTREE","dbms_memory_after_build",50000,5,50000,147990156,147.990156,2959.80312,337860.3101141403,29594976,28.223968505859375,"approximate heap delta after building populated DBMS; includes DBMS/cache/pages/index structures"
"2026-07-16T03:45:03.202600532Z","dbms-level","SKIPLIST","dbms_safe_batch_insert_sequential",50000,5,50000,104099553,104.099553,2081.99106,480309.4591578122,0,0.0,"DBMS-level safe batch insert through db.insert(table, List<Row>)"
"2026-07-16T03:45:03.475358132Z","dbms-level","SKIPLIST","dbms_safe_batch_insert_random",50000,5,50000,153579985,153.579985,3071.5997,325563.2561756013,0,0.0,"DBMS-level safe batch insert through db.insert(table, List<Row>)"
"2026-07-16T03:45:03.671409255Z","dbms-level","SKIPLIST","dbms_equality_search_primary_key",50000,5,1000,19317416,19.317416,19317.416,51766.75803844572,0,0.0,"SELECT by indexed primary key username"
"2026-07-16T03:45:16.499019490Z","dbms-level","SKIPLIST","dbms_duplicate_equality_search_secondary_index",50000,5,1000,12639274702,12639.274702,1.2639274702E7,79.11846396073369,0,0.0,"SELECT by indexed non-unique age column"
"2026-07-16T03:55:01.012477219Z","dbms-level","SKIPLIST","dbms_range_search_secondary_index",50000,5,200,584374852373,584374.852373,2.921874261865E9,0.34224607576429766,0,0.0,"Range WHERE on indexed age column"
"2026-07-16T03:55:01.319392856Z","dbms-level","SKIPLIST","dbms_delete_by_primary_key",50000,5,1000,162295664,162.295664,162295.664,6161.59406452165,0,0.0,"DELETE by indexed primary key username"
"2026-07-16T03:55:01.700382678Z","dbms-level","SKIPLIST","dbms_memory_after_build",50000,5,50000,168743460,168.74346,3374.8692,296307.7798689205,47137808,44.95411682128906,"approximate heap delta after building populated DBMS; includes DBMS/cache/pages/index structures"
"2026-07-16T03:55:01.824018742Z","dbms-level","HASH_INDEX","dbms_safe_batch_insert_sequential",50000,5,50000,74897732,74.897732,1497.95464,667576.956802911,0,0.0,"DBMS-level safe batch insert through db.insert(table, List<Row>)"
"2026-07-16T03:55:01.961997540Z","dbms-level","HASH_INDEX","dbms_safe_batch_insert_random",50000,5,50000,54700930,54.70093,1094.0186,914061.2417375719,0,0.0,"DBMS-level safe batch insert through db.insert(table, List<Row>)"
"2026-07-16T03:55:03.217140795Z","dbms-level","HASH_INDEX","dbms_equality_search_primary_key",50000,5,1000,1060525524,1060.525524,1060525.524,942.9287436933013,0,0.0,"SELECT by indexed primary key username"
"2026-07-16T03:55:15.515357063Z","dbms-level","HASH_INDEX","dbms_duplicate_equality_search_secondary_index",50000,5,1000,12200301315,12200.301315,1.2200301315E7,81.96518874255361,0,0.0,"SELECT by indexed non-unique age column"
"2026-07-16T04:04:17.326464691Z","dbms-level","HASH_INDEX","dbms_range_search_secondary_index",50000,5,200,541710593135,541710.593135,2.708552965675E9,0.369200828882735,0,0.0,"Range WHERE on Hash Index uses fallback behavior"
"2026-07-16T04:04:18.411214389Z","dbms-level","HASH_INDEX","dbms_delete_by_primary_key",50000,5,1000,979375403,979.375403,979375.403,1021.0589289222735,0,0.0,"DELETE by indexed primary key username"
"2026-07-16T04:04:18.746541531Z","dbms-level","HASH_INDEX","dbms_memory_after_build",50000,5,50000,126960971,126.960971,2539.21942,393821.8147370659,30381072,28.973648071289062,"approximate heap delta after building populated DBMS; includes DBMS/cache/pages/index structures"
"2026-07-16T04:04:18.900235434Z","dbms-level","RED_BLACK_TREE","dbms_safe_batch_insert_sequential",50000,5,50000,109403708,109.403708,2188.07416,457022.9009056987,0,0.0,"DBMS-level safe batch insert through db.insert(table, List<Row>)"
"2026-07-16T04:04:19.123823698Z","dbms-level","RED_BLACK_TREE","dbms_safe_batch_insert_random",50000,5,50000,147387580,147.38758,2947.7516,339241.61045320105,0,0.0,"DBMS-level safe batch insert through db.insert(table, List<Row>)"
"2026-07-16T04:04:19.299629053Z","dbms-level","RED_BLACK_TREE","dbms_equality_search_primary_key",50000,5,1000,11720378,11.720378,11720.378,85321.48024577364,0,0.0,"SELECT by indexed primary key username"
"2026-07-16T04:04:31.888627034Z","dbms-level","RED_BLACK_TREE","dbms_duplicate_equality_search_secondary_index",50000,5,1000,12448054062,12448.054062,1.2448054062E7,80.33384133932114,0,0.0,"SELECT by indexed non-unique age column"
"2026-07-16T04:14:38.781622335Z","dbms-level","RED_BLACK_TREE","dbms_range_search_secondary_index",50000,5,200,606751039827,606751.039827,3.033755199135E9,0.32962448660495913,0,0.0,"Range WHERE on indexed age column"
"2026-07-16T04:14:38.996039980Z","dbms-level","RED_BLACK_TREE","dbms_delete_by_primary_key",50000,5,1000,79547869,79.547869,79547.869,12571.047000643099,0,0.0,"DELETE by indexed primary key username"
"2026-07-16T04:14:39.375774326Z","dbms-level","RED_BLACK_TREE","dbms_memory_after_build",50000,5,50000,168470617,168.470617,3369.41234,296787.6588236155,30968432,29.533798217773438,"approximate heap delta after building populated DBMS; includes DBMS/cache/pages/index structures"
