timestamp,benchmark_level,index_type,workload,dataset_size,repetition,operations,elapsed_ns,elapsed_ms,avg_ns_per_op,ops_per_sec,memory_bytes,memory_mb,notes
"2026-07-16T04:14:41.195593334Z","index-only","BTREE","sequential_unique_insert",1000,1,1000,201549,0.201549,201.549,4961572.620057654,0,0.0,"unique keys inserted in ascending order"
"2026-07-16T04:14:41.195895393Z","index-only","BTREE","random_unique_insert",1000,1,1000,269339,0.269339,269.339,3712793.171430799,0,0.0,"unique keys inserted in shuffled order"
"2026-07-16T04:14:41.196319171Z","index-only","BTREE","equality_search_hit",1000,1,1000,279489,0.279489,279.489,3577958.3454089426,0,0.0,"random existing-key equality lookups"
"2026-07-16T04:14:41.196583130Z","index-only","BTREE","equality_search_miss",1000,1,1000,124479,0.124479,124.479,8033483.559475895,0,0.0,"random absent-key equality lookups"
"2026-07-16T04:14:41.197067838Z","index-only","BTREE","duplicate_key_search",1000,1,1000,297689,0.297689,297.689,3359210.4511755556,0,0.0,"age-like duplicate keys in range 18..80"
"2026-07-16T04:14:41.197311367Z","index-only","BTREE","range_search",1000,1,200,127720,0.12772,638.6,1565925.4619480113,0,0.0,"ordered range query workload"
"2026-07-16T04:14:41.197728595Z","index-only","BTREE","delete_existing_keys",1000,1,100,322289,0.322289,3222.89,310280.524622311,0,0.0,"removes every tenth key, capped by lookup count"
"2026-07-16T04:14:41.198033224Z","index-only","BTREE","mixed_insert_search_delete",1000,1,1000,253679,0.253679,253.679,3941989.6798710185,0,0.0,"50% insert, 40% search, 10% delete pattern"
"2026-07-16T04:14:41.392036899Z","index-only","BTREE","memory_unique_index_after_insert",1000,1,1000,192539,0.192539,192.539,5193752.953946993,66704,0.0636138916015625,"approximate JVM heap delta after building unique index"
"2026-07-16T04:14:41.392429977Z","index-only","SKIPLIST","sequential_unique_insert",1000,1,1000,365149,0.365149,365.149,2738608.07505977,0,0.0,"unique keys inserted in ascending order"
"2026-07-16T04:14:41.392964984Z","index-only","SKIPLIST","random_unique_insert",1000,1,1000,509617,0.509617,509.617,1962257.9309559925,0,0.0,"unique keys inserted in shuffled order"
"2026-07-16T04:14:41.393704401Z","index-only","SKIPLIST","equality_search_hit",1000,1,1000,465058,0.465058,465.058,2150269.4287594236,0,0.0,"random existing-key equality lookups"
"2026-07-16T04:14:41.394126089Z","index-only","SKIPLIST","equality_search_miss",1000,1,1000,139089,0.139089,139.089,7189641.165009454,0,0.0,"random absent-key equality lookups"
"2026-07-16T04:14:41.394931375Z","index-only","SKIPLIST","duplicate_key_search",1000,1,1000,614597,0.614597,614.597,1627082.462166265,0,0.0,"age-like duplicate keys in range 18..80"
"2026-07-16T04:14:41.395741582Z","index-only","SKIPLIST","range_search",1000,1,200,571388,0.571388,2856.94,350024.8517644752,0,0.0,"ordered range query workload"
"2026-07-16T04:14:41.396040771Z","index-only","SKIPLIST","delete_existing_keys",1000,1,100,70590,0.07059,705.9,1416631.2508853946,0,0.0,"removes every tenth key, capped by lookup count"
"2026-07-16T04:14:41.396430909Z","index-only","SKIPLIST","mixed_insert_search_delete",1000,1,1000,276419,0.276419,276.419,3617696.323335226,0,0.0,"50% insert, 40% search, 10% delete pattern"
"2026-07-16T04:14:41.591163040Z","index-only","SKIPLIST","memory_unique_index_after_insert",1000,1,1000,365239,0.365239,365.239,2737933.243711652,406584,0.38774871826171875,"approximate JVM heap delta after building unique index"
"2026-07-16T04:14:41.591338580Z","index-only","HASH_INDEX","sequential_unique_insert",1000,1,1000,154360,0.15436,154.36,6478362.270018139,0,0.0,"unique keys inserted in ascending order"
"2026-07-16T04:14:41.591524479Z","index-only","HASH_INDEX","random_unique_insert",1000,1,1000,159750,0.15975,159.75,6259780.907668231,0,0.0,"unique keys inserted in shuffled order"
"2026-07-16T04:14:41.591900587Z","index-only","HASH_INDEX","equality_search_hit",1000,1,1000,262939,0.262939,262.939,3803163.47137549,0,0.0,"random existing-key equality lookups"
"2026-07-16T04:14:41.592169136Z","index-only","HASH_INDEX","equality_search_miss",1000,1,1000,121039,0.121039,121.039,8261799.915729641,0,0.0,"random absent-key equality lookups"
"2026-07-16T04:14:41.592472345Z","index-only","HASH_INDEX","duplicate_key_search",1000,1,1000,166320,0.16632,166.32,6012506.012506013,0,0.0,"age-like duplicate keys in range 18..80"
"2026-07-16T04:14:41.593739729Z","index-only","HASH_INDEX","range_search",1000,1,200,1173145,1.173145,5865.725,170481.9097383529,0,0.0,"Hash Index rangeSearch is supported through full scan fallback"
"2026-07-16T04:14:41.593854429Z","index-only","HASH_INDEX","delete_existing_keys",1000,1,100,21560,0.02156,215.6,4638218.92393321,0,0.0,"removes every tenth key, capped by lookup count"
"2026-07-16T04:14:41.594008358Z","index-only","HASH_INDEX","mixed_insert_search_delete",1000,1,1000,114219,0.114219,114.219,8755110.795927122,0,0.0,"50% insert, 40% search, 10% delete pattern"
"2026-07-16T04:14:41.787320936Z","index-only","HASH_INDEX","memory_unique_index_after_insert",1000,1,1000,150779,0.150779,150.779,6632223.320223639,118792,0.11328887939453125,"approximate JVM heap delta after building unique index"
"2026-07-16T04:14:41.787506445Z","index-only","RED_BLACK_TREE","sequential_unique_insert",1000,1,1000,169179,0.169179,169.179,5910899.106863146,0,0.0,"unique keys inserted in ascending order"
"2026-07-16T04:14:41.787764264Z","index-only","RED_BLACK_TREE","random_unique_insert",1000,1,1000,235189,0.235189,235.189,4251899.53611776,0,0.0,"unique keys inserted in shuffled order"
"2026-07-16T04:14:41.788165462Z","index-only","RED_BLACK_TREE","equality_search_hit",1000,1,1000,262609,0.262609,262.609,3807942.6066890317,0,0.0,"random existing-key equality lookups"
"2026-07-16T04:14:41.788410021Z","index-only","RED_BLACK_TREE","equality_search_miss",1000,1,1000,113500,0.1135,113.5,8810572.68722467,0,0.0,"random absent-key equality lookups"
"2026-07-16T04:14:41.788812689Z","index-only","RED_BLACK_TREE","duplicate_key_search",1000,1,1000,259889,0.259889,259.889,3847796.5593003165,0,0.0,"age-like duplicate keys in range 18..80"
"2026-07-16T04:14:41.789132278Z","index-only","RED_BLACK_TREE","range_search",1000,1,200,203649,0.203649,1018.245,982081.9154525679,0,0.0,"ordered range query workload"
"2026-07-16T04:14:41.789254417Z","index-only","RED_BLACK_TREE","delete_existing_keys",1000,1,100,32890,0.03289,328.9,3040437.823046519,0,0.0,"removes every tenth key, capped by lookup count"
"2026-07-16T04:14:41.789433106Z","index-only","RED_BLACK_TREE","mixed_insert_search_delete",1000,1,1000,128889,0.128889,128.889,7758614.001194826,0,0.0,"50% insert, 40% search, 10% delete pattern"
"2026-07-16T04:14:41.986312798Z","index-only","RED_BLACK_TREE","memory_unique_index_after_insert",1000,1,1000,172659,0.172659,172.659,5791762.954725789,94584,0.09020233154296875,"approximate JVM heap delta after building unique index"
"2026-07-16T04:14:41.987525563Z","index-only","BTREE","sequential_unique_insert",5000,1,5000,1165795,1.165795,233.159,4288918.720701324,0,0.0,"unique keys inserted in ascending order"
"2026-07-16T04:14:41.989192646Z","index-only","BTREE","random_unique_insert",5000,1,5000,1606123,1.606123,321.2246,3113086.606692015,0,0.0,"unique keys inserted in shuffled order"
"2026-07-16T04:14:41.990128641Z","index-only","BTREE","equality_search_hit",5000,1,1000,400208,0.400208,400.208,2498700.6756486627,0,0.0,"random existing-key equality lookups"
"2026-07-16T04:14:41.990831258Z","index-only","BTREE","equality_search_miss",5000,1,1000,141789,0.141789,141.789,7052733.286785294,0,0.0,"random absent-key equality lookups"
"2026-07-16T04:14:41.992285192Z","index-only","BTREE","duplicate_key_search",5000,1,1000,887196,0.887196,887.196,1127146.6507964418,0,0.0,"age-like duplicate keys in range 18..80"
"2026-07-16T04:14:41.993669206Z","index-only","BTREE","range_search",5000,1,200,994726,0.994726,4973.63,201060.39251009826,0,0.0,"ordered range query workload"
"2026-07-16T04:14:41.994358513Z","index-only","BTREE","delete_existing_keys",5000,1,500,315559,0.315559,631.118,1584489.7467668487,0,0.0,"removes every tenth key, capped by lookup count"
"2026-07-16T04:14:41.994727961Z","index-only","BTREE","mixed_insert_search_delete",5000,1,1000,196729,0.196729,196.729,5083134.667486746,0,0.0,"50% insert, 40% search, 10% delete pattern"
"2026-07-16T04:14:42.190363879Z","index-only","BTREE","memory_unique_index_after_insert",5000,1,5000,949246,0.949246,189.8492,5267338.4981343085,341256,0.32544708251953125,"approximate JVM heap delta after building unique index"
"2026-07-16T04:14:42.191972632Z","index-only","SKIPLIST","sequential_unique_insert",5000,1,5000,1578473,1.578473,315.6946,3167618.324798714,0,0.0,"unique keys inserted in ascending order"
"2026-07-16T04:14:42.194791869Z","index-only","SKIPLIST","random_unique_insert",5000,1,5000,2767378,2.767378,553.4756,1806764.381302446,0,0.0,"unique keys inserted in shuffled order"
"2026-07-16T04:14:42.196673451Z","index-only","SKIPLIST","equality_search_hit",5000,1,1000,776517,0.776517,776.517,1287801.8124522709,0,0.0,"random existing-key equality lookups"
"2026-07-16T04:14:42.198592352Z","index-only","SKIPLIST","equality_search_miss",5000,1,1000,165889,0.165889,165.889,6028127.241709817,0,0.0,"random absent-key equality lookups"
"2026-07-16T04:14:42.203530121Z","index-only","SKIPLIST","duplicate_key_search",5000,1,1000,4293481,4.293481,4293.481,232911.24381358622,0,0.0,"age-like duplicate keys in range 18..80"
"2026-07-16T04:14:42.207844112Z","index-only","SKIPLIST","range_search",5000,1,200,2277310,2.27731,11386.55,87822.91387645951,0,0.0,"ordered range query workload"
"2026-07-16T04:14:42.210014632Z","index-only","SKIPLIST","delete_existing_keys",5000,1,500,143489,0.143489,286.978,3484587.6687411577,0,0.0,"removes every tenth key, capped by lookup count"
"2026-07-16T04:14:42.211402006Z","index-only","SKIPLIST","mixed_insert_search_delete",5000,1,1000,427828,0.427828,427.828,2337387.922249128,0,0.0,"50% insert, 40% search, 10% delete pattern"
"2026-07-16T04:14:42.404453045Z","index-only","SKIPLIST","memory_unique_index_after_insert",5000,1,5000,1717662,1.717662,343.5324,2910933.5829749973,2038584,1.9441452026367188,"approximate JVM heap delta after building unique index"
"2026-07-16T04:14:42.405210622Z","index-only","HASH_INDEX","sequential_unique_insert",5000,1,5000,726887,0.726887,145.3774,6878648.263072528,0,0.0,"unique keys inserted in ascending order"
"2026-07-16T04:14:42.405979668Z","index-only","HASH_INDEX","random_unique_insert",5000,1,5000,719136,0.719136,143.8272,6952787.789792195,0,0.0,"unique keys inserted in shuffled order"
"2026-07-16T04:14:42.406391557Z","index-only","HASH_INDEX","equality_search_hit",5000,1,1000,215149,0.215149,215.149,4647941.6590362955,0,0.0,"random existing-key equality lookups"
"2026-07-16T04:14:42.406692855Z","index-only","HASH_INDEX","equality_search_miss",5000,1,1000,98049,0.098049,98.049,1.0198982141582271E7,0,0.0,"random absent-key equality lookups"
"2026-07-16T04:14:42.407440742Z","index-only","HASH_INDEX","duplicate_key_search",5000,1,1000,399398,0.399398,399.398,2503768.171097502,0,0.0,"age-like duplicate keys in range 18..80"
"2026-07-16T04:14:42.413418226Z","index-only","HASH_INDEX","range_search",5000,1,200,5789835,5.789835,28949.175,34543.29872958383,0,0.0,"Hash Index rangeSearch is supported through full scan fallback"
"2026-07-16T04:14:42.413678654Z","index-only","HASH_INDEX","delete_existing_keys",5000,1,500,39919,0.039919,79.838,1.2525363861820186E7,0,0.0,"removes every tenth key, capped by lookup count"
"2026-07-16T04:14:42.414424121Z","index-only","HASH_INDEX","mixed_insert_search_delete",5000,1,1000,105959,0.105959,105.959,9437612.661501147,0,0.0,"50% insert, 40% search, 10% delete pattern"
"2026-07-16T04:14:42.609719749Z","index-only","HASH_INDEX","memory_unique_index_after_insert",5000,1,5000,711427,0.711427,142.2854,7028127.973776649,591368,0.5639724731445312,"approximate JVM heap delta after building unique index"
"2026-07-16T04:14:42.610678105Z","index-only","RED_BLACK_TREE","sequential_unique_insert",5000,1,5000,928646,0.928646,185.7292,5384182.99330423,0,0.0,"unique keys inserted in ascending order"
"2026-07-16T04:14:42.611899370Z","index-only","RED_BLACK_TREE","random_unique_insert",5000,1,5000,1160115,1.160115,232.023,4309917.551277244,0,0.0,"unique keys inserted in shuffled order"
"2026-07-16T04:14:42.612556717Z","index-only","RED_BLACK_TREE","equality_search_hit",5000,1,1000,374328,0.374328,374.328,2671453.912077109,0,0.0,"random existing-key equality lookups"
"2026-07-16T04:14:42.612971635Z","index-only","RED_BLACK_TREE","equality_search_miss",5000,1,1000,119339,0.119339,119.339,8379490.359396341,0,0.0,"random absent-key equality lookups"
"2026-07-16T04:14:42.614255980Z","index-only","RED_BLACK_TREE","duplicate_key_search",5000,1,1000,845706,0.845706,845.706,1182444.0171880063,0,0.0,"age-like duplicate keys in range 18..80"
"2026-07-16T04:14:42.615190036Z","index-only","RED_BLACK_TREE","range_search",5000,1,200,668937,0.668937,3344.685,298981.81742077356,0,0.0,"ordered range query workload"
"2026-07-16T04:14:42.615591154Z","index-only","RED_BLACK_TREE","delete_existing_keys",5000,1,500,154089,0.154089,308.178,3244877.960139919,0,0.0,"removes every tenth key, capped by lookup count"
"2026-07-16T04:14:42.615850383Z","index-only","RED_BLACK_TREE","mixed_insert_search_delete",5000,1,1000,141570,0.14157,141.57,7063643.427279792,0,0.0,"50% insert, 40% search, 10% delete pattern"
"2026-07-16T04:14:42.810533215Z","index-only","RED_BLACK_TREE","memory_unique_index_after_insert",5000,1,5000,903206,0.903206,180.6412,5535835.678682382,478584,0.45641326904296875,"approximate JVM heap delta after building unique index"
"2026-07-16T04:14:42.812226598Z","index-only","BTREE","sequential_unique_insert",10000,1,10000,1641893,1.641893,164.1893,6090530.868942129,0,0.0,"unique keys inserted in ascending order"
"2026-07-16T04:14:42.815370574Z","index-only","BTREE","random_unique_insert",10000,1,10000,3055977,3.055977,305.5977,3272275.936631722,0,0.0,"unique keys inserted in shuffled order"
"2026-07-16T04:14:42.816478669Z","index-only","BTREE","equality_search_hit",10000,1,1000,499998,0.499998,499.998,2000008.0000320002,0,0.0,"random existing-key equality lookups"
"2026-07-16T04:14:42.817254575Z","index-only","BTREE","equality_search_miss",10000,1,1000,136339,0.136339,136.339,7334658.461628734,0,0.0,"random absent-key equality lookups"
"2026-07-16T04:14:42.819923374Z","index-only","BTREE","duplicate_key_search",10000,1,1000,1484824,1.484824,1484.824,673480.4933109917,0,0.0,"age-like duplicate keys in range 18..80"
"2026-07-16T04:14:42.822021964Z","index-only","BTREE","range_search",10000,1,200,944175,0.944175,4720.875,211825.1383482935,0,0.0,"ordered range query workload"
"2026-07-16T04:14:42.823147669Z","index-only","BTREE","delete_existing_keys",10000,1,1000,505857,0.505857,505.857,1976843.2580749106,0,0.0,"removes every tenth key, capped by lookup count"
"2026-07-16T04:14:42.823989496Z","index-only","BTREE","mixed_insert_search_delete",10000,1,1000,547288,0.547288,547.288,1827191.53352531,0,0.0,"50% insert, 40% search, 10% delete pattern"
"2026-07-16T04:14:43.020932459Z","index-only","BTREE","memory_unique_index_after_insert",10000,1,10000,1693613,1.693613,169.3613,5904536.632630949,679296,0.6478271484375,"approximate JVM heap delta after building unique index"
"2026-07-16T04:14:43.024227944Z","index-only","SKIPLIST","sequential_unique_insert",10000,1,10000,3249406,3.249406,324.9406,3077485.5465891305,0,0.0,"unique keys inserted in ascending order"
"2026-07-16T04:14:43.030023558Z","index-only","SKIPLIST","random_unique_insert",10000,1,10000,5705015,5.705015,570.5015,1752843.7699112098,0,0.0,"unique keys inserted in shuffled order"
"2026-07-16T04:14:43.033618472Z","index-only","SKIPLIST","equality_search_hit",10000,1,1000,519747,0.519747,519.747,1924013.0294162352,0,0.0,"random existing-key equality lookups"
"2026-07-16T04:14:43.038935899Z","index-only","SKIPLIST","equality_search_miss",10000,1,1000,216279,0.216279,216.279,4623657.405480884,0,0.0,"random absent-key equality lookups"
"2026-07-16T04:14:43.050517918Z","index-only","SKIPLIST","duplicate_key_search",10000,1,1000,10118775,10.118775,10118.775,98826.19190564075,0,0.0,"age-like duplicate keys in range 18..80"
"2026-07-16T04:14:43.058970591Z","index-only","SKIPLIST","range_search",10000,1,200,4344381,4.344381,21721.905,46036.47792401265,0,0.0,"ordered range query workload"
"2026-07-16T04:14:43.063465401Z","index-only","SKIPLIST","delete_existing_keys",10000,1,1000,293179,0.293179,293.179,3410885.499984651,0,0.0,"removes every tenth key, capped by lookup count"
"2026-07-16T04:14:43.065800491Z","index-only","SKIPLIST","mixed_insert_search_delete",10000,1,1000,433628,0.433628,433.628,2306124.143274881,0,0.0,"50% insert, 40% search, 10% delete pattern"
"2026-07-16T04:14:43.269119454Z","index-only","SKIPLIST","memory_unique_index_after_insert",10000,1,10000,3302395,3.302395,330.2395,3028105.359897892,4075904,3.8870849609375,"approximate JVM heap delta after building unique index"
"2026-07-16T04:14:43.270662177Z","index-only","HASH_INDEX","sequential_unique_insert",10000,1,10000,1486633,1.486633,148.6633,6726609.728157521,0,0.0,"unique keys inserted in ascending order"
"2026-07-16T04:14:43.272355210Z","index-only","HASH_INDEX","random_unique_insert",10000,1,10000,1574083,1.574083,157.4083,6352905.151761374,0,0.0,"unique keys inserted in shuffled order"
"2026-07-16T04:14:43.273424655Z","index-only","HASH_INDEX","equality_search_hit",10000,1,1000,777996,0.777996,777.996,1285353.6522038674,0,0.0,"random existing-key equality lookups"
"2026-07-16T04:14:43.274063243Z","index-only","HASH_INDEX","equality_search_miss",10000,1,1000,111210,0.11121,111.21,8991997.12256092,0,0.0,"random absent-key equality lookups"
"2026-07-16T04:14:43.277105419Z","index-only","HASH_INDEX","duplicate_key_search",10000,1,1000,2409629,2.409629,2409.629,415001.64548152435,0,0.0,"age-like duplicate keys in range 18..80"
"2026-07-16T04:14:43.289258326Z","index-only","HASH_INDEX","range_search",10000,1,200,11771549,11.771549,58857.745,16990.117443337323,0,0.0,"Hash Index rangeSearch is supported through full scan fallback"
"2026-07-16T04:14:43.289570874Z","index-only","HASH_INDEX","delete_existing_keys",10000,1,1000,68679,0.068679,68.679,1.456049156219514E7,0,0.0,"removes every tenth key, capped by lookup count"
"2026-07-16T04:14:43.289777663Z","index-only","HASH_INDEX","mixed_insert_search_delete",10000,1,1000,89699,0.089699,89.699,1.1148396303191787E7,0,0.0,"50% insert, 40% search, 10% delete pattern"
"2026-07-16T04:14:43.490452899Z","index-only","HASH_INDEX","memory_unique_index_after_insert",10000,1,10000,1453883,1.453883,145.3883,6878132.559497566,1184136,1.1292800903320312,"approximate JVM heap delta after building unique index"
"2026-07-16T04:14:43.491354085Z","index-only","RED_BLACK_TREE","sequential_unique_insert",10000,1,10000,856876,0.856876,85.6876,1.1670300020072917E7,0,0.0,"unique keys inserted in ascending order"
"2026-07-16T04:14:43.493312177Z","index-only","RED_BLACK_TREE","random_unique_insert",10000,1,10000,1867272,1.867272,186.7272,5355406.175425969,0,0.0,"unique keys inserted in shuffled order"
"2026-07-16T04:14:43.494331812Z","index-only","RED_BLACK_TREE","equality_search_hit",10000,1,1000,477928,0.477928,477.928,2092365.37721163,0,0.0,"random existing-key equality lookups"
"2026-07-16T04:14:43.495002859Z","index-only","RED_BLACK_TREE","equality_search_miss",10000,1,1000,123839,0.123839,123.839,8075000.605625046,0,0.0,"random absent-key equality lookups"
"2026-07-16T04:14:43.499528239Z","index-only","RED_BLACK_TREE","duplicate_key_search",10000,1,1000,4053602,4.053602,4053.602,246694.17471177486,0,0.0,"age-like duplicate keys in range 18..80"
"2026-07-16T04:14:43.503924100Z","index-only","RED_BLACK_TREE","range_search",10000,1,200,3129987,3.129987,15649.935,63898.0289694494,0,0.0,"ordered range query workload"
"2026-07-16T04:14:43.504962215Z","index-only","RED_BLACK_TREE","delete_existing_keys",10000,1,1000,169969,0.169969,169.969,5883425.801175508,0,0.0,"removes every tenth key, capped by lookup count"
"2026-07-16T04:14:43.505568912Z","index-only","RED_BLACK_TREE","mixed_insert_search_delete",10000,1,1000,190239,0.190239,190.239,5256545.713549797,0,0.0,"50% insert, 40% search, 10% delete pattern"
"2026-07-16T04:14:43.702255375Z","index-only","RED_BLACK_TREE","memory_unique_index_after_insert",10000,1,10000,895436,0.895436,89.5436,1.116774398170277E7,760592,0.7253570556640625,"approximate JVM heap delta after building unique index"
"2026-07-16T04:14:43.706188888Z","index-only","BTREE","sequential_unique_insert",50000,1,50000,3783233,3.783233,75.66466,1.321620952238469E7,0,0.0,"unique keys inserted in ascending order"
"2026-07-16T04:14:43.721365611Z","index-only","BTREE","random_unique_insert",50000,1,50000,14768755,14.768755,295.3751,3385525.726440719,0,0.0,"unique keys inserted in shuffled order"
"2026-07-16T04:14:43.726082541Z","index-only","BTREE","equality_search_hit",50000,1,1000,538078,0.538078,538.078,1858466.6163641703,0,0.0,"random existing-key equality lookups"
"2026-07-16T04:14:43.731084799Z","index-only","BTREE","equality_search_miss",50000,1,1000,136450,0.13645,136.45,7328691.828508611,0,0.0,"random absent-key equality lookups"
"2026-07-16T04:14:43.757626862Z","index-only","BTREE","duplicate_key_search",50000,1,1000,20469510,20.46951,20469.51,48853.147925866324,0,0.0,"age-like duplicate keys in range 18..80"
"2026-07-16T04:14:43.773887700Z","index-only","BTREE","range_search",50000,1,200,11325450,11.32545,56627.25,17659.34245438371,0,0.0,"ordered range query workload"
"2026-07-16T04:14:43.779544345Z","index-only","BTREE","delete_existing_keys",50000,1,1000,789176,0.789176,789.176,1267144.4646061207,0,0.0,"removes every tenth key, capped by lookup count"
"2026-07-16T04:14:43.782081274Z","index-only","BTREE","mixed_insert_search_delete",50000,1,1000,239439,0.239439,239.439,4176429.069616896,0,0.0,"50% insert, 40% search, 10% delete pattern"
"2026-07-16T04:14:43.986826201Z","index-only","BTREE","memory_unique_index_after_insert",50000,1,50000,4909829,4.909829,98.19658,1.0183654053939557E7,2432632,2.3199386596679688,"approximate JVM heap delta after building unique index"
"2026-07-16T04:14:44.011856741Z","index-only","SKIPLIST","sequential_unique_insert",50000,1,50000,24828141,24.828141,496.56282,2013843.8878690111,0,0.0,"unique keys inserted in ascending order"
"2026-07-16T04:14:44.052277103Z","index-only","SKIPLIST","random_unique_insert",50000,1,50000,39623776,39.623776,792.47552,1261868.63160139,0,0.0,"unique keys inserted in shuffled order"
"2026-07-16T04:14:44.078806136Z","index-only","SKIPLIST","equality_search_hit",50000,1,1000,820347,0.820347,820.347,1218996.3515439199,0,0.0,"random existing-key equality lookups"
"2026-07-16T04:14:44.100717259Z","index-only","SKIPLIST","equality_search_miss",50000,1,1000,184609,0.184609,184.609,5416853.999534151,0,0.0,"random absent-key equality lookups"
"2026-07-16T04:14:44.152248732Z","index-only","SKIPLIST","duplicate_key_search",50000,1,1000,44675423,44.675423,44675.423,22383.671666634247,0,0.0,"age-like duplicate keys in range 18..80"
"2026-07-16T04:14:44.179033614Z","index-only","SKIPLIST","range_search",50000,1,200,15608041,15.608041,78040.205,12813.907908109673,0,0.0,"ordered range query workload"
"2026-07-16T04:14:44.191101771Z","index-only","SKIPLIST","delete_existing_keys",50000,1,1000,546188,0.546188,546.188,1830871.4215618067,0,0.0,"removes every tenth key, capped by lookup count"
"2026-07-16T04:14:44.196520437Z","index-only","SKIPLIST","mixed_insert_search_delete",50000,1,1000,281009,0.281009,281.009,3558604.884541065,0,0.0,"50% insert, 40% search, 10% delete pattern"
"2026-07-16T04:14:44.438286391Z","index-only","SKIPLIST","memory_unique_index_after_insert",50000,1,50000,26230544,26.230544,524.61088,1906174.7251601033,19400592,18.501846313476562,"approximate JVM heap delta after building unique index"
"2026-07-16T04:14:44.439885424Z","index-only","HASH_INDEX","sequential_unique_insert",50000,1,50000,1446604,1.446604,28.93208,3.456370921136676E7,0,0.0,"unique keys inserted in ascending order"
"2026-07-16T04:14:44.445115471Z","index-only","HASH_INDEX","random_unique_insert",50000,1,50000,4551150,4.55115,91.023,1.0986234248486646E7,0,0.0,"unique keys inserted in shuffled order"
"2026-07-16T04:14:44.449719420Z","index-only","HASH_INDEX","equality_search_hit",50000,1,1000,232909,0.232909,232.909,4293522.362811226,0,0.0,"random existing-key equality lookups"
"2026-07-16T04:14:44.455635124Z","index-only","HASH_INDEX","equality_search_miss",50000,1,1000,112689,0.112689,112.689,8873980.601478405,0,0.0,"random absent-key equality lookups"
"2026-07-16T04:14:44.470873827Z","index-only","HASH_INDEX","duplicate_key_search",50000,1,1000,13960898,13.960898,13960.898,71628.63019269964,0,0.0,"age-like duplicate keys in range 18..80"
"2026-07-16T04:14:44.535907040Z","index-only","HASH_INDEX","range_search",50000,1,200,61313819,61.313819,306569.095,3261.9074013315008,0,0.0,"Hash Index rangeSearch is supported through full scan fallback"
"2026-07-16T04:14:44.537877292Z","index-only","HASH_INDEX","delete_existing_keys",50000,1,1000,94510,0.09451,94.51,1.0580890911014708E7,0,0.0,"removes every tenth key, capped by lookup count"
"2026-07-16T04:14:44.538601279Z","index-only","HASH_INDEX","mixed_insert_search_delete",50000,1,1000,91410,0.09141,91.41,1.0939722131057872E7,0,0.0,"50% insert, 40% search, 10% delete pattern"
"2026-07-16T04:14:44.746521924Z","index-only","HASH_INDEX","memory_unique_index_after_insert",50000,1,50000,2784058,2.784058,55.68116,1.795939596086001E7,5124896,4.887481689453125,"approximate JVM heap delta after building unique index"
"2026-07-16T04:14:44.750921034Z","index-only","RED_BLACK_TREE","sequential_unique_insert",50000,1,50000,4253981,4.253981,85.07962,1.1753696126052277E7,0,0.0,"unique keys inserted in ascending order"
"2026-07-16T04:14:44.762744842Z","index-only","RED_BLACK_TREE","random_unique_insert",50000,1,50000,11382870,11.38287,227.6574,4392565.319642586,0,0.0,"unique keys inserted in shuffled order"
"2026-07-16T04:14:44.769488063Z","index-only","RED_BLACK_TREE","equality_search_hit",50000,1,1000,464558,0.464558,464.558,2152583.7462706487,0,0.0,"random existing-key equality lookups"
"2026-07-16T04:14:44.774582650Z","index-only","RED_BLACK_TREE","equality_search_miss",50000,1,1000,137889,0.137889,137.889,7252210.111031337,0,0.0,"random absent-key equality lookups"
"2026-07-16T04:14:44.797590109Z","index-only","RED_BLACK_TREE","duplicate_key_search",50000,1,1000,19638414,19.638414,19638.414,50920.60896567309,0,0.0,"age-like duplicate keys in range 18..80"
"2026-07-16T04:14:44.816513745Z","index-only","RED_BLACK_TREE","range_search",50000,1,200,13944199,13.944199,69720.995,14342.881939651033,0,0.0,"ordered range query workload"
"2026-07-16T04:14:44.824440570Z","index-only","RED_BLACK_TREE","delete_existing_keys",50000,1,1000,176249,0.176249,176.249,5673791.056970536,0,0.0,"removes every tenth key, capped by lookup count"
"2026-07-16T04:14:44.826426441Z","index-only","RED_BLACK_TREE","mixed_insert_search_delete",50000,1,1000,154519,0.154519,154.519,6471696.0373805165,0,0.0,"50% insert, 40% search, 10% delete pattern"
"2026-07-16T04:14:45.035389880Z","index-only","RED_BLACK_TREE","memory_unique_index_after_insert",50000,1,50000,4320611,4.320611,86.41222,1.1572437324258072E7,3800592,3.6245269775390625,"approximate JVM heap delta after building unique index"
"2026-07-16T04:14:45.046641570Z","index-only","BTREE","sequential_unique_insert",100000,1,100000,10954751,10.954751,109.54751,9128459.423678365,0,0.0,"unique keys inserted in ascending order"
"2026-07-16T04:14:45.081300077Z","index-only","BTREE","random_unique_insert",100000,1,100000,31421092,31.421092,314.21092,3182575.5769404834,0,0.0,"unique keys inserted in shuffled order"
"2026-07-16T04:14:45.092365739Z","index-only","BTREE","equality_search_hit",100000,1,1000,942956,0.942956,942.956,1060494.8693258222,0,0.0,"random existing-key equality lookups"
"2026-07-16T04:14:45.102577744Z","index-only","BTREE","equality_search_miss",100000,1,1000,156190,0.15619,156.19,6402458.544080927,0,0.0,"random absent-key equality lookups"
"2026-07-16T04:14:45.149795445Z","index-only","BTREE","duplicate_key_search",100000,1,1000,34199300,34.1993,34199.3,29240.364568865443,0,0.0,"age-like duplicate keys in range 18..80"
"2026-07-16T04:14:45.170678503Z","index-only","BTREE","range_search",100000,1,200,11040681,11.040681,55203.405,18114.82461996683,0,0.0,"ordered range query workload"
"2026-07-16T04:14:45.177514653Z","index-only","BTREE","delete_existing_keys",100000,1,1000,413558,0.413558,413.558,2418040.5166868977,0,0.0,"removes every tenth key, capped by lookup count"
"2026-07-16T04:14:45.180697839Z","index-only","BTREE","mixed_insert_search_delete",100000,1,1000,211839,0.211839,211.839,4720566.090285547,0,0.0,"50% insert, 40% search, 10% delete pattern"
"2026-07-16T04:14:45.398497919Z","index-only","BTREE","memory_unique_index_after_insert",100000,1,100000,8342504,8.342504,83.42504,1.1986808756699426E7,4865560,4.640159606933594,"approximate JVM heap delta after building unique index"
"2026-07-16T04:14:45.444343167Z","index-only","SKIPLIST","sequential_unique_insert",100000,1,100000,45557579,45.557579,455.57579,2195024.454657698,0,0.0,"unique keys inserted in ascending order"
"2026-07-16T04:14:45.535236497Z","index-only","SKIPLIST","random_unique_insert",100000,1,100000,89997224,89.997224,899.97224,1111145.3837731706,0,0.0,"unique keys inserted in shuffled order"
"2026-07-16T04:14:45.581593612Z","index-only","SKIPLIST","equality_search_hit",100000,1,1000,1794402,1.794402,1794.402,557288.7234855958,0,0.0,"random existing-key equality lookups"
"2026-07-16T04:14:45.624794052Z","index-only","SKIPLIST","equality_search_miss",100000,1,1000,170689,0.170689,170.689,5858608.34617345,0,0.0,"random absent-key equality lookups"
"2026-07-16T04:14:45.699958730Z","index-only","SKIPLIST","duplicate_key_search",100000,1,1000,67702551,67.702551,67702.551,14770.492178352335,0,0.0,"age-like duplicate keys in range 18..80"
"2026-07-16T04:14:45.790780970Z","index-only","SKIPLIST","range_search",100000,1,200,45991617,45.991617,229958.085,4348.6185754243,0,0.0,"ordered range query workload"
"2026-07-16T04:14:45.844925332Z","index-only","SKIPLIST","delete_existing_keys",100000,1,1000,657427,0.657427,657.427,1521081.4280520878,0,0.0,"removes every tenth key, capped by lookup count"
"2026-07-16T04:14:45.857058518Z","index-only","SKIPLIST","mixed_insert_search_delete",100000,1,1000,337708,0.337708,337.708,2961138.0245656013,0,0.0,"50% insert, 40% search, 10% delete pattern"
"2026-07-16T04:14:46.110508971Z","index-only","SKIPLIST","memory_unique_index_after_insert",100000,1,100000,41438058,41.438058,414.38058,2413240.5046587847,38797912,37.000572204589844,"approximate JVM heap delta after building unique index"
"2026-07-16T04:14:46.120001069Z","index-only","HASH_INDEX","sequential_unique_insert",100000,1,100000,8330733,8.330733,83.30733,1.200374564879225E7,0,0.0,"unique keys inserted in ascending order"
"2026-07-16T04:14:46.134293056Z","index-only","HASH_INDEX","random_unique_insert",100000,1,100000,12029517,12.029517,120.29517,8312885.712701516,0,0.0,"unique keys inserted in shuffled order"
"2026-07-16T04:14:46.141938073Z","index-only","HASH_INDEX","equality_search_hit",100000,1,1000,254409,0.254409,254.409,3930678.5530386115,0,0.0,"random existing-key equality lookups"
"2026-07-16T04:14:46.151949499Z","index-only","HASH_INDEX","equality_search_miss",100000,1,1000,103200,0.1032,103.2,9689922.480620155,0,0.0,"random absent-key equality lookups"
"2026-07-16T04:14:46.168229547Z","index-only","HASH_INDEX","duplicate_key_search",100000,1,1000,15011204,15.011204,15011.204,66616.90827731074,0,0.0,"age-like duplicate keys in range 18..80"
"2026-07-16T04:14:46.290606487Z","index-only","HASH_INDEX","range_search",100000,1,200,119604212,119.604212,598021.06,1672.1819127908304,0,0.0,"Hash Index rangeSearch is supported through full scan fallback"
"2026-07-16T04:14:46.299297739Z","index-only","HASH_INDEX","delete_existing_keys",100000,1,1000,95949,0.095949,95.949,1.042220346225599E7,0,0.0,"removes every tenth key, capped by lookup count"
"2026-07-16T04:14:46.304022578Z","index-only","HASH_INDEX","mixed_insert_search_delete",100000,1,1000,133239,0.133239,133.239,7505310.006829832,0,0.0,"50% insert, 40% search, 10% delete pattern"
"2026-07-16T04:14:46.526382768Z","index-only","HASH_INDEX","memory_unique_index_after_insert",100000,1,100000,8153074,8.153074,81.53074,1.22653124453427E7,10340984,9.861930847167969,"approximate JVM heap delta after building unique index"
"2026-07-16T04:14:46.538824703Z","index-only","RED_BLACK_TREE","sequential_unique_insert",100000,1,100000,11412570,11.41257,114.1257,8762268.270862741,0,0.0,"unique keys inserted in ascending order"
"2026-07-16T04:14:46.567320438Z","index-only","RED_BLACK_TREE","random_unique_insert",100000,1,100000,26600733,26.600733,266.00733,3759294.903640437,0,0.0,"unique keys inserted in shuffled order"
"2026-07-16T04:14:46.579728883Z","index-only","RED_BLACK_TREE","equality_search_hit",100000,1,1000,631677,0.631677,631.677,1583087.5589898003,0,0.0,"random existing-key equality lookups"
"2026-07-16T04:14:46.592359117Z","index-only","RED_BLACK_TREE","equality_search_miss",100000,1,1000,144409,0.144409,144.409,6924776.156610738,0,0.0,"random absent-key equality lookups"
"2026-07-16T04:14:46.624234367Z","index-only","RED_BLACK_TREE","duplicate_key_search",100000,1,1000,24287773,24.287773,24287.773,41172.980330473285,0,0.0,"age-like duplicate keys in range 18..80"
"2026-07-16T04:14:46.650074243Z","index-only","RED_BLACK_TREE","range_search",100000,1,200,17535503,17.535503,87677.515,11405.432738370835,0,0.0,"ordered range query workload"
"2026-07-16T04:14:46.658746285Z","index-only","RED_BLACK_TREE","delete_existing_keys",100000,1,1000,332809,0.332809,332.809,3004726.4346817546,0,0.0,"removes every tenth key, capped by lookup count"
"2026-07-16T04:14:46.662780807Z","index-only","RED_BLACK_TREE","mixed_insert_search_delete",100000,1,1000,166929,0.166929,166.929,5990570.841495487,0,0.0,"50% insert, 40% search, 10% delete pattern"
"2026-07-16T04:14:46.883456724Z","index-only","RED_BLACK_TREE","memory_unique_index_after_insert",100000,1,100000,12025437,12.025437,120.25437,8315706.115295436,7728672,7.370635986328125,"approximate JVM heap delta after building unique index"
"2026-07-16T04:14:46.883624883Z","index-only","BTREE","sequential_unique_insert",1000,2,1000,110329,0.110329,110.329,9063800.08882524,0,0.0,"unique keys inserted in ascending order"
"2026-07-16T04:14:46.883807023Z","index-only","BTREE","random_unique_insert",1000,2,1000,142740,0.14274,142.74,7005744.710662743,0,0.0,"unique keys inserted in shuffled order"
"2026-07-16T04:14:46.884241971Z","index-only","BTREE","equality_search_hit",1000,2,1000,334359,0.334359,334.359,2990797.3166566473,0,0.0,"random existing-key equality lookups"
"2026-07-16T04:14:46.884518989Z","index-only","BTREE","equality_search_miss",1000,2,1000,136739,0.136739,136.739,7313202.524517511,0,0.0,"random absent-key equality lookups"
"2026-07-16T04:14:46.885328946Z","index-only","BTREE","duplicate_key_search",1000,2,1000,651967,0.651967,651.967,1533819.96328035,0,0.0,"age-like duplicate keys in range 18..80"
"2026-07-16T04:14:46.885727884Z","index-only","BTREE","range_search",1000,2,200,297129,0.297129,1485.645,673108.3132242225,0,0.0,"ordered range query workload"
"2026-07-16T04:14:46.885871953Z","index-only","BTREE","delete_existing_keys",1000,2,100,62509,0.062509,625.09,1599769.6331728233,0,0.0,"removes every tenth key, capped by lookup count"
"2026-07-16T04:14:46.886103882Z","index-only","BTREE","mixed_insert_search_delete",1000,2,1000,192389,0.192389,192.389,5197802.36915832,0,0.0,"50% insert, 40% search, 10% delete pattern"
"2026-07-16T04:14:47.084605667Z","index-only","BTREE","memory_unique_index_after_insert",1000,2,1000,73449,0.073449,73.449,1.361488924287601E7,43352,0.04134368896484375,"approximate JVM heap delta after building unique index"
"2026-07-16T04:14:47.084896076Z","index-only","SKIPLIST","sequential_unique_insert",1000,2,1000,265909,0.265909,265.909,3760685.04638805,0,0.0,"unique keys inserted in ascending order"
"2026-07-16T04:14:47.085250074Z","index-only","SKIPLIST","random_unique_insert",1000,2,1000,323748,0.323748,323.748,3088822.17033001,0,0.0,"unique keys inserted in shuffled order"
"2026-07-16T04:14:47.085833082Z","index-only","SKIPLIST","equality_search_hit",1000,2,1000,389258,0.389258,389.258,2568990.2326991353,0,0.0,"random existing-key equality lookups"
"2026-07-16T04:14:47.086223490Z","index-only","SKIPLIST","equality_search_miss",1000,2,1000,159559,0.159559,159.559,6267274.174443309,0,0.0,"random absent-key equality lookups"
"2026-07-16T04:14:47.087583184Z","index-only","SKIPLIST","duplicate_key_search",1000,2,1000,1225054,1.225054,1225.054,816290.5471922054,0,0.0,"age-like duplicate keys in range 18..80"
"2026-07-16T04:14:47.088152222Z","index-only","SKIPLIST","range_search",1000,2,200,311259,0.311259,1556.295,642551.7013162673,0,0.0,"ordered range query workload"
"2026-07-16T04:14:47.088427710Z","index-only","SKIPLIST","delete_existing_keys",1000,2,100,44109,0.044109,441.09,2267111.02042667,0,0.0,"removes every tenth key, capped by lookup count"
"2026-07-16T04:14:47.088851328Z","index-only","SKIPLIST","mixed_insert_search_delete",1000,2,1000,302538,0.302538,302.538,3305369.903945951,0,0.0,"50% insert, 40% search, 10% delete pattern"
"2026-07-16T04:14:47.284244077Z","index-only","SKIPLIST","memory_unique_index_after_insert",1000,2,1000,241409,0.241409,241.409,4142347.634098149,383232,0.365478515625,"approximate JVM heap delta after building unique index"
"2026-07-16T04:14:47.284303907Z","index-only","HASH_INDEX","sequential_unique_insert",1000,2,1000,40810,0.04081,40.81,2.450379808870375E7,0,0.0,"unique keys inserted in ascending order"
"2026-07-16T04:14:47.284373736Z","index-only","HASH_INDEX","random_unique_insert",1000,2,1000,46480,0.04648,46.48,2.1514629948364887E7,0,0.0,"unique keys inserted in shuffled order"
"2026-07-16T04:14:47.284641635Z","index-only","HASH_INDEX","equality_search_hit",1000,2,1000,220279,0.220279,220.279,4539697.383772397,0,0.0,"random existing-key equality lookups"
"2026-07-16T04:14:47.284863914Z","index-only","HASH_INDEX","equality_search_miss",1000,2,1000,132529,0.132529,132.529,7545518.339382324,0,0.0,"random absent-key equality lookups"
"2026-07-16T04:14:47.285172963Z","index-only","HASH_INDEX","duplicate_key_search",1000,2,1000,216759,0.216759,216.759,4613418.589308864,0,0.0,"age-like duplicate keys in range 18..80"
"2026-07-16T04:14:47.286428397Z","index-only","HASH_INDEX","range_search",1000,2,200,1203054,1.203054,6015.27,166243.5767638028,0,0.0,"Hash Index rangeSearch is supported through full scan fallback"
"2026-07-16T04:14:47.286466027Z","index-only","HASH_INDEX","delete_existing_keys",1000,2,100,9080,0.00908,90.8,1.1013215859030837E7,0,0.0,"removes every tenth key, capped by lookup count"
"2026-07-16T04:14:47.286573707Z","index-only","HASH_INDEX","mixed_insert_search_delete",1000,2,1000,91670,0.09167,91.67,1.0908694229300754E7,0,0.0,"50% insert, 40% search, 10% delete pattern"
"2026-07-16T04:14:47.480528251Z","index-only","HASH_INDEX","memory_unique_index_after_insert",1000,2,1000,195310,0.19531,195.31,5120065.536838871,113432,0.10817718505859375,"approximate JVM heap delta after building unique index"
"2026-07-16T04:14:47.480611031Z","index-only","RED_BLACK_TREE","sequential_unique_insert",1000,2,1000,61700,0.0617,61.7,1.620745542949757E7,0,0.0,"unique keys inserted in ascending order"
"2026-07-16T04:14:47.480734980Z","index-only","RED_BLACK_TREE","random_unique_insert",1000,2,1000,101219,0.101219,101.219,9879568.065284187,0,0.0,"unique keys inserted in shuffled order"
"2026-07-16T04:14:47.481107909Z","index-only","RED_BLACK_TREE","equality_search_hit",1000,2,1000,303519,0.303519,303.519,3294686.6588253127,0,0.0,"random existing-key equality lookups"
"2026-07-16T04:14:47.481324868Z","index-only","RED_BLACK_TREE","equality_search_miss",1000,2,1000,110450,0.11045,110.45,9053870.529651426,0,0.0,"random absent-key equality lookups"
"2026-07-16T04:14:47.481686396Z","index-only","RED_BLACK_TREE","duplicate_key_search",1000,2,1000,264029,0.264029,264.029,3787462.740835287,0,0.0,"age-like duplicate keys in range 18..80"
"2026-07-16T04:14:47.481958815Z","index-only","RED_BLACK_TREE","range_search",1000,2,200,207039,0.207039,1035.195,966001.5745825665,0,0.0,"ordered range query workload"
"2026-07-16T04:14:47.482025705Z","index-only","RED_BLACK_TREE","delete_existing_keys",1000,2,100,20210,0.02021,202.1,4948045.522018802,0,0.0,"removes every tenth key, capped by lookup count"
"2026-07-16T04:14:47.482169454Z","index-only","RED_BLACK_TREE","mixed_insert_search_delete",1000,2,1000,121749,0.121749,121.749,8213619.824392808,0,0.0,"50% insert, 40% search, 10% delete pattern"
"2026-07-16T04:14:47.679328865Z","index-only","RED_BLACK_TREE","memory_unique_index_after_insert",1000,2,1000,204649,0.204649,204.649,4886415.276888722,71232,0.06793212890625,"approximate JVM heap delta after building unique index"
"2026-07-16T04:14:47.679740424Z","index-only","BTREE","sequential_unique_insert",5000,2,5000,362179,0.362179,72.4358,1.380532830451241E7,0,0.0,"unique keys inserted in ascending order"
"2026-07-16T04:14:47.680586110Z","index-only","BTREE","random_unique_insert",5000,2,5000,777097,0.777097,155.4194,6434203.19471057,0,0.0,"unique keys inserted in shuffled order"
"2026-07-16T04:14:47.681160437Z","index-only","BTREE","equality_search_hit",5000,2,1000,300248,0.300248,300.248,3330580.0538221737,0,0.0,"random existing-key equality lookups"
"2026-07-16T04:14:47.681600225Z","index-only","BTREE","equality_search_miss",5000,2,1000,136109,0.136109,136.109,7347052.7297974415,0,0.0,"random absent-key equality lookups"
"2026-07-16T04:14:47.683369858Z","index-only","BTREE","duplicate_key_search",5000,2,1000,1465334,1.465334,1465.334,682438.2700462829,0,0.0,"age-like duplicate keys in range 18..80"
"2026-07-16T04:14:47.684570382Z","index-only","BTREE","range_search",5000,2,200,838836,0.838836,4194.18,238425.62789389104,0,0.0,"ordered range query workload"
"2026-07-16T04:14:47.685199650Z","index-only","BTREE","delete_existing_keys",5000,2,500,329339,0.329339,658.678,1518192.5007363234,0,0.0,"removes every tenth key, capped by lookup count"
"2026-07-16T04:14:47.685741567Z","index-only","BTREE","mixed_insert_search_delete",5000,2,1000,303099,0.303099,303.099,3299252.059558098,0,0.0,"50% insert, 40% search, 10% delete pattern"
"2026-07-16T04:14:47.880635598Z","index-only","BTREE","memory_unique_index_after_insert",5000,2,5000,372289,0.372289,74.4578,1.3430426362315299E7,237904,0.2268829345703125,"approximate JVM heap delta after building unique index"
"2026-07-16T04:14:47.881831203Z","index-only","SKIPLIST","sequential_unique_insert",5000,2,5000,1154325,1.154325,230.865,4331535.745998744,0,0.0,"unique keys inserted in ascending order"
"2026-07-16T04:14:47.884412222Z","index-only","SKIPLIST","random_unique_insert",5000,2,5000,2521119,2.521119,504.2238,1983246.32831691,0,0.0,"unique keys inserted in shuffled order"
"2026-07-16T04:14:47.886956130Z","index-only","SKIPLIST","equality_search_hit",5000,2,1000,1355013,1.355013,1355.013,738000.2996281217,0,0.0,"random existing-key equality lookups"
"2026-07-16T04:14:47.889622929Z","index-only","SKIPLIST","equality_search_miss",5000,2,1000,175009,0.175009,175.009,5713991.851847619,0,0.0,"random absent-key equality lookups"
"2026-07-16T04:14:47.895793702Z","index-only","SKIPLIST","duplicate_key_search",5000,2,1000,5614886,5.614886,5614.886,178098.00590786705,0,0.0,"age-like duplicate keys in range 18..80"
"2026-07-16T04:14:47.900130633Z","index-only","SKIPLIST","range_search",5000,2,200,2368540,2.36854,11842.7,84440.20366977125,0,0.0,"ordered range query workload"
"2026-07-16T04:14:47.902221763Z","index-only","SKIPLIST","delete_existing_keys",5000,2,500,158569,0.158569,317.138,3153201.4454275426,0,0.0,"removes every tenth key, capped by lookup count"
"2026-07-16T04:14:47.903589807Z","index-only","SKIPLIST","mixed_insert_search_delete",5000,2,1000,424318,0.424318,424.318,2356723.023769908,0,0.0,"50% insert, 40% search, 10% delete pattern"
"2026-07-16T04:14:48.100947597Z","index-only","SKIPLIST","memory_unique_index_after_insert",5000,2,5000,1208245,1.208245,241.649,4138233.5536252996,1935232,1.8455810546875,"approximate JVM heap delta after building unique index"
"2026-07-16T04:14:48.101153506Z","index-only","HASH_INDEX","sequential_unique_insert",5000,2,5000,174689,0.174689,34.9378,2.8622294477614503E7,0,0.0,"unique keys inserted in ascending order"
"2026-07-16T04:14:48.101527374Z","index-only","HASH_INDEX","random_unique_insert",5000,2,5000,306888,0.306888,61.3776,1.6292588827194285E7,0,0.0,"unique keys inserted in shuffled order"
"2026-07-16T04:14:48.101987742Z","index-only","HASH_INDEX","equality_search_hit",5000,2,1000,297058,0.297058,297.058,3366345.966107629,0,0.0,"random existing-key equality lookups"
"2026-07-16T04:14:48.102286431Z","index-only","HASH_INDEX","equality_search_miss",5000,2,1000,93689,0.093689,93.689,1.0673611629967231E7,0,0.0,"random absent-key equality lookups"
"2026-07-16T04:14:48.103703625Z","index-only","HASH_INDEX","duplicate_key_search",5000,2,1000,1294504,1.294504,1294.504,772496.6473645505,0,0.0,"age-like duplicate keys in range 18..80"
"2026-07-16T04:14:48.111554150Z","index-only","HASH_INDEX","range_search",5000,2,200,7490087,7.490087,37450.435,26701.959536651575,0,0.0,"Hash Index rangeSearch is supported through full scan fallback"
"2026-07-16T04:14:48.112124808Z","index-only","HASH_INDEX","delete_existing_keys",5000,2,500,40080,0.04008,80.16,1.24750499001996E7,0,0.0,"removes every tenth key, capped by lookup count"
"2026-07-16T04:14:48.112287997Z","index-only","HASH_INDEX","mixed_insert_search_delete",5000,2,1000,93439,0.093439,93.439,1.0702169329723135E7,0,0.0,"50% insert, 40% search, 10% delete pattern"
"2026-07-16T04:14:48.307247718Z","index-only","HASH_INDEX","memory_unique_index_after_insert",5000,2,5000,235949,0.235949,47.1898,2.1191020093325254E7,493376,0.47052001953125,"approximate JVM heap delta after building unique index"
"2026-07-16T04:14:48.307603916Z","index-only","RED_BLACK_TREE","sequential_unique_insert",5000,2,5000,328358,0.328358,65.6716,1.5227282417361539E7,0,0.0,"unique keys inserted in ascending order"
"2026-07-16T04:14:48.308473152Z","index-only","RED_BLACK_TREE","random_unique_insert",5000,2,5000,804176,0.804176,160.8352,6217544.418137323,0,0.0,"unique keys inserted in shuffled order"
"2026-07-16T04:14:48.309207429Z","index-only","RED_BLACK_TREE","equality_search_hit",5000,2,1000,420918,0.420918,420.918,2375759.649147815,0,0.0,"random existing-key equality lookups"
"2026-07-16T04:14:48.309608947Z","index-only","RED_BLACK_TREE","equality_search_miss",5000,2,1000,117369,0.117369,117.369,8520137.344613995,0,0.0,"random absent-key equality lookups"
"2026-07-16T04:14:48.310666123Z","index-only","RED_BLACK_TREE","duplicate_key_search",5000,2,1000,846996,0.846996,846.996,1180643.1199202829,0,0.0,"age-like duplicate keys in range 18..80"
"2026-07-16T04:14:48.312258126Z","index-only","RED_BLACK_TREE","range_search",5000,2,200,1320804,1.320804,6604.02,151422.92119042642,0,0.0,"ordered range query workload"
"2026-07-16T04:14:48.312919933Z","index-only","RED_BLACK_TREE","delete_existing_keys",5000,2,500,227599,0.227599,455.198,2196846.207584392,0,0.0,"removes every tenth key, capped by lookup count"
"2026-07-16T04:14:48.313333851Z","index-only","RED_BLACK_TREE","mixed_insert_search_delete",5000,2,1000,208479,0.208479,208.479,4796646.184987457,0,0.0,"50% insert, 40% search, 10% delete pattern"
"2026-07-16T04:14:48.508426251Z","index-only","RED_BLACK_TREE","memory_unique_index_after_insert",5000,2,5000,344399,0.344399,68.8798,1.4518044477481062E7,380592,0.3629608154296875,"approximate JVM heap delta after building unique index"
"2026-07-16T04:14:48.509221868Z","index-only","BTREE","sequential_unique_insert",10000,2,10000,741847,0.741847,74.1847,1.3479868490403008E7,0,0.0,"unique keys inserted in ascending order"
"2026-07-16T04:14:48.511366258Z","index-only","BTREE","random_unique_insert",10000,2,10000,2054251,2.054251,205.4251,4867954.305486525,0,0.0,"unique keys inserted in shuffled order"
"2026-07-16T04:14:48.512410684Z","index-only","BTREE","equality_search_hit",10000,2,1000,483608,0.483608,483.608,2067790.4418454615,0,0.0,"random existing-key equality lookups"
"2026-07-16T04:14:48.513143100Z","index-only","BTREE","equality_search_miss",10000,2,1000,138249,0.138249,138.249,7233325.376675419,0,0.0,"random absent-key equality lookups"
"2026-07-16T04:14:48.518683826Z","index-only","BTREE","duplicate_key_search",10000,2,1000,4915588,4.915588,4915.588,203434.4619606037,0,0.0,"age-like duplicate keys in range 18..80"
"2026-07-16T04:14:48.522223820Z","index-only","BTREE","range_search",10000,2,200,2297689,2.297689,11488.445,87043.9820184542,0,0.0,"ordered range query workload"
"2026-07-16T04:14:48.523410965Z","index-only","BTREE","delete_existing_keys",10000,2,1000,296328,0.296328,296.328,3374638.913636241,0,0.0,"removes every tenth key, capped by lookup count"
"2026-07-16T04:14:48.524049382Z","index-only","BTREE","mixed_insert_search_delete",10000,2,1000,204789,0.204789,204.789,4883074.774524022,0,0.0,"50% insert, 40% search, 10% delete pattern"
"2026-07-16T04:14:48.719791409Z","index-only","BTREE","memory_unique_index_after_insert",10000,2,10000,764737,0.764737,76.4737,1.3076390968398286E7,486664,0.46411895751953125,"approximate JVM heap delta after building unique index"
"2026-07-16T04:14:48.722272749Z","index-only","SKIPLIST","sequential_unique_insert",10000,2,10000,2431700,2.4317,243.17,4112349.3852037666,0,0.0,"unique keys inserted in ascending order"
"2026-07-16T04:14:48.728669401Z","index-only","SKIPLIST","random_unique_insert",10000,2,10000,6297213,6.297213,629.7213,1588004.0900633342,0,0.0,"unique keys inserted in shuffled order"
"2026-07-16T04:14:48.734212476Z","index-only","SKIPLIST","equality_search_hit",10000,2,1000,827466,0.827466,827.466,1208508.8692465913,0,0.0,"random existing-key equality lookups"
"2026-07-16T04:14:48.739128794Z","index-only","SKIPLIST","equality_search_miss",10000,2,1000,195809,0.195809,195.809,5107017.552819329,0,0.0,"random absent-key equality lookups"
"2026-07-16T04:14:48.751303741Z","index-only","SKIPLIST","duplicate_key_search",10000,2,1000,11164011,11.164011,11164.011,89573.54126576909,0,0.0,"age-like duplicate keys in range 18..80"
"2026-07-16T04:14:48.759976802Z","index-only","SKIPLIST","range_search",10000,2,200,4397410,4.39741,21987.05,45481.31741184015,0,0.0,"ordered range query workload"
"2026-07-16T04:14:48.764522662Z","index-only","SKIPLIST","delete_existing_keys",10000,2,1000,305678,0.305678,305.678,3271416.326984605,0,0.0,"removes every tenth key, capped by lookup count"
"2026-07-16T04:14:48.766911482Z","index-only","SKIPLIST","mixed_insert_search_delete",10000,2,1000,441408,0.441408,441.408,2265477.7439466435,0,0.0,"50% insert, 40% search, 10% delete pattern"
"2026-07-16T04:14:48.965132448Z","index-only","SKIPLIST","memory_unique_index_after_insert",10000,2,10000,2941847,2.941847,294.1847,3399225.044674315,3877912,3.6982650756835938,"approximate JVM heap delta after building unique index"
"2026-07-16T04:14:48.965535526Z","index-only","HASH_INDEX","sequential_unique_insert",10000,2,10000,355788,0.355788,35.5788,2.8106625293714233E7,0,0.0,"unique keys inserted in ascending order"
"2026-07-16T04:14:48.966525742Z","index-only","HASH_INDEX","random_unique_insert",10000,2,10000,872666,0.872666,87.2666,1.1459137860303942E7,0,0.0,"unique keys inserted in shuffled order"
"2026-07-16T04:14:48.967512507Z","index-only","HASH_INDEX","equality_search_hit",10000,2,1000,652717,0.652717,652.717,1532057.5379528953,0,0.0,"random existing-key equality lookups"
"2026-07-16T04:14:48.968036305Z","index-only","HASH_INDEX","equality_search_miss",10000,2,1000,96539,0.096539,96.539,1.0358507960513366E7,0,0.0,"random absent-key equality lookups"
"2026-07-16T04:14:48.969974537Z","index-only","HASH_INDEX","duplicate_key_search",10000,2,1000,1728063,1.728063,1728.063,578682.6059003636,0,0.0,"age-like duplicate keys in range 18..80"
"2026-07-16T04:14:48.982947759Z","index-only","HASH_INDEX","range_search",10000,2,200,12487845,12.487845,62439.225,16015.573543713908,0,0.0,"Hash Index rangeSearch is supported through full scan fallback"
"2026-07-16T04:14:48.983272928Z","index-only","HASH_INDEX","delete_existing_keys",10000,2,1000,73930,0.07393,73.93,1.3526308670363856E7,0,0.0,"removes every tenth key, capped by lookup count"
"2026-07-16T04:14:48.983480237Z","index-only","HASH_INDEX","mixed_insert_search_delete",10000,2,1000,91190,0.09119,91.19,1.096611470555982E7,0,0.0,"50% insert, 40% search, 10% delete pattern"
"2026-07-16T04:14:49.178033250Z","index-only","HASH_INDEX","memory_unique_index_after_insert",10000,2,10000,315178,0.315178,31.5178,3.17281028498182E7,980784,0.9353485107421875,"approximate JVM heap delta after building unique index"
"2026-07-16T04:14:49.178753427Z","index-only","RED_BLACK_TREE","sequential_unique_insert",10000,2,10000,678677,0.678677,67.8677,1.4734549719527846E7,0,0.0,"unique keys inserted in ascending order"
"2026-07-16T04:14:49.180884207Z","index-only","RED_BLACK_TREE","random_unique_insert",10000,2,10000,1898661,1.898661,189.8661,5266869.651823048,0,0.0,"unique keys inserted in shuffled order"
"2026-07-16T04:14:49.181899463Z","index-only","RED_BLACK_TREE","equality_search_hit",10000,2,1000,498108,0.498108,498.108,2007596.7460871937,0,0.0,"random existing-key equality lookups"
"2026-07-16T04:14:49.182566Z","index-only","RED_BLACK_TREE","equality_search_miss",10000,2,1000,121249,0.121249,121.249,8247490.700954234,0,0.0,"random absent-key equality lookups"
"2026-07-16T04:14:49.185337238Z","index-only","RED_BLACK_TREE","duplicate_key_search",10000,2,1000,2386580,2.38658,2386.58,419009.62884127075,0,0.0,"age-like duplicate keys in range 18..80"
"2026-07-16T04:14:49.188375274Z","index-only","RED_BLACK_TREE","range_search",10000,2,200,1847721,1.847721,9238.605,108241.44987257275,0,0.0,"ordered range query workload"
"2026-07-16T04:14:49.189162671Z","index-only","RED_BLACK_TREE","delete_existing_keys",10000,2,1000,158529,0.158529,158.529,6307994.12094948,0,0.0,"removes every tenth key, capped by lookup count"
"2026-07-16T04:14:49.189538079Z","index-only","RED_BLACK_TREE","mixed_insert_search_delete",10000,2,1000,132139,0.132139,132.139,7567788.465176821,0,0.0,"50% insert, 40% search, 10% delete pattern"
"2026-07-16T04:14:49.386430871Z","index-only","RED_BLACK_TREE","memory_unique_index_after_insert",10000,2,10000,658078,0.658078,65.8078,1.5195767067125782E7,755232,0.720245361328125,"approximate JVM heap delta after building unique index"
"2026-07-16T04:14:49.389786046Z","index-only","BTREE","sequential_unique_insert",50000,2,50000,3202916,3.202916,64.05832,1.5610774681571418E7,0,0.0,"unique keys inserted in ascending order"
"2026-07-16T04:14:49.405769575Z","index-only","BTREE","random_unique_insert",50000,2,50000,15568052,15.568052,311.36104,3211705.6135218455,0,0.0,"unique keys inserted in shuffled order"
"2026-07-16T04:14:49.411396311Z","index-only","BTREE","equality_search_hit",50000,2,1000,473108,0.473108,473.108,2113682.2881878978,0,0.0,"random existing-key equality lookups"
"2026-07-16T04:14:49.416285939Z","index-only","BTREE","equality_search_miss",50000,2,1000,149679,0.149679,149.679,6680963.929475744,0,0.0,"random absent-key equality lookups"
"2026-07-16T04:14:49.439785336Z","index-only","BTREE","duplicate_key_search",50000,2,1000,18965187,18.965187,18965.187,52728.19086887991,0,0.0,"age-like duplicate keys in range 18..80"
"2026-07-16T04:14:49.455523496Z","index-only","BTREE","range_search",50000,2,200,11017211,11.017211,55086.055,18153.414689071487,0,0.0,"ordered range query workload"
"2026-07-16T04:14:49.460968102Z","index-only","BTREE","delete_existing_keys",50000,2,1000,757016,0.757016,757.016,1320976.0427784882,0,0.0,"removes every tenth key, capped by lookup count"
"2026-07-16T04:14:49.463514431Z","index-only","BTREE","mixed_insert_search_delete",50000,2,1000,238019,0.238019,238.019,4201345.270755696,0,0.0,"50% insert, 40% search, 10% delete pattern"
"2026-07-16T04:14:49.669957321Z","index-only","BTREE","memory_unique_index_after_insert",50000,2,50000,4097682,4.097682,81.95364,1.2202020556988074E7,2429928,2.3173599243164062,"approximate JVM heap delta after building unique index"
"2026-07-16T04:14:49.691511966Z","index-only","SKIPLIST","sequential_unique_insert",50000,2,50000,21406916,21.406916,428.13832,2335693.7542988444,0,0.0,"unique keys inserted in ascending order"
"2026-07-16T04:14:49.730091216Z","index-only","SKIPLIST","random_unique_insert",50000,2,50000,37799354,37.799354,755.98708,1322773.9288877794,0,0.0,"unique keys inserted in shuffled order"
"2026-07-16T04:14:49.755885252Z","index-only","SKIPLIST","equality_search_hit",50000,2,1000,823336,0.823336,823.336,1214570.9649523401,0,0.0,"random existing-key equality lookups"
"2026-07-16T04:14:49.779537838Z","index-only","SKIPLIST","equality_search_miss",50000,2,1000,169579,0.169579,169.579,5896956.5807086965,0,0.0,"random absent-key equality lookups"
"2026-07-16T04:14:49.828930170Z","index-only","SKIPLIST","duplicate_key_search",50000,2,1000,44140055,44.140055,44140.055,22655.159808930915,0,0.0,"age-like duplicate keys in range 18..80"
"2026-07-16T04:14:49.856948507Z","index-only","SKIPLIST","range_search",50000,2,200,16267948,16.267948,81339.74,12294.113553842193,0,0.0,"ordered range query workload"
"2026-07-16T04:14:49.868476246Z","index-only","SKIPLIST","delete_existing_keys",50000,2,1000,592967,0.592967,592.967,1686434.4896090338,0,0.0,"removes every tenth key, capped by lookup count"
"2026-07-16T04:14:49.880119455Z","index-only","SKIPLIST","mixed_insert_search_delete",50000,2,1000,372609,0.372609,372.609,2683778.4379872736,0,0.0,"50% insert, 40% search, 10% delete pattern"
"2026-07-16T04:14:50.119953967Z","index-only","SKIPLIST","memory_unique_index_after_insert",50000,2,50000,20582799,20.582799,411.65598,2429212.8587564793,19397912,18.499290466308594,"approximate JVM heap delta after building unique index"
"2026-07-16T04:14:50.124878246Z","index-only","HASH_INDEX","sequential_unique_insert",50000,2,50000,4775249,4.775249,95.50498,1.0470658179290757E7,0,0.0,"unique keys inserted in ascending order"
"2026-07-16T04:14:50.133019640Z","index-only","HASH_INDEX","random_unique_insert",50000,2,50000,7584387,7.584387,151.68774,6592490.59943803,0,0.0,"unique keys inserted in shuffled order"
"2026-07-16T04:14:50.139423052Z","index-only","HASH_INDEX","equality_search_hit",50000,2,1000,227699,0.227699,227.699,4391762.809674175,0,0.0,"random existing-key equality lookups"
"2026-07-16T04:14:50.143244375Z","index-only","HASH_INDEX","equality_search_miss",50000,2,1000,107130,0.10713,107.13,9334453.467749463,0,0.0,"random absent-key equality lookups"
"2026-07-16T04:14:50.156507726Z","index-only","HASH_INDEX","duplicate_key_search",50000,2,1000,12024877,12.024877,12024.877,83160.933787514,0,0.0,"age-like duplicate keys in range 18..80"
"2026-07-16T04:14:50.221457250Z","index-only","HASH_INDEX","range_search",50000,2,200,61245320,61.24532,306226.6,3265.555637557286,0,0.0,"Hash Index rangeSearch is supported through full scan fallback"
"2026-07-16T04:14:50.225194604Z","index-only","HASH_INDEX","delete_existing_keys",50000,2,1000,85920,0.08592,85.92,1.1638733705772812E7,0,0.0,"removes every tenth key, capped by lookup count"
"2026-07-16T04:14:50.227148965Z","index-only","HASH_INDEX","mixed_insert_search_delete",50000,2,1000,129939,0.129939,129.939,7695918.854231601,0,0.0,"50% insert, 40% search, 10% delete pattern"
"2026-07-16T04:14:50.431408195Z","index-only","HASH_INDEX","memory_unique_index_after_insert",50000,2,50000,2977617,2.977617,59.55234,1.6791951416182805E7,5124896,4.887481689453125,"approximate JVM heap delta after building unique index"
"2026-07-16T04:14:50.435552447Z","index-only","RED_BLACK_TREE","sequential_unique_insert",50000,2,50000,4004233,4.004233,80.08466,1.2486785858864855E7,0,0.0,"unique keys inserted in ascending order"
"2026-07-16T04:14:50.447913392Z","index-only","RED_BLACK_TREE","random_unique_insert",50000,2,50000,11917967,11.917967,238.35934,4195346.404298653,0,0.0,"unique keys inserted in shuffled order"
"2026-07-16T04:14:50.454585873Z","index-only","RED_BLACK_TREE","equality_search_hit",50000,2,1000,459288,0.459288,459.288,2177283.0990576716,0,0.0,"random existing-key equality lookups"
"2026-07-16T04:14:50.459812180Z","index-only","RED_BLACK_TREE","equality_search_miss",50000,2,1000,132100,0.1321,132.1,7570022.71006813,0,0.0,"random absent-key equality lookups"
"2026-07-16T04:14:50.481583454Z","index-only","RED_BLACK_TREE","duplicate_key_search",50000,2,1000,18644478,18.644478,18644.478,53635.1835648067,0,0.0,"age-like duplicate keys in range 18..80"
"2026-07-16T04:14:50.499753334Z","index-only","RED_BLACK_TREE","range_search",50000,2,200,13453001,13.453001,67265.005,14866.571406632618,0,0.0,"ordered range query workload"
"2026-07-16T04:14:50.507303220Z","index-only","RED_BLACK_TREE","delete_existing_keys",50000,2,1000,174969,0.174969,174.969,5715298.138527396,0,0.0,"removes every tenth key, capped by lookup count"
"2026-07-16T04:14:50.509239562Z","index-only","RED_BLACK_TREE","mixed_insert_search_delete",50000,2,1000,175389,0.175389,175.389,5701611.84566877,0,0.0,"50% insert, 40% search, 10% delete pattern"
"2026-07-16T04:14:50.716760617Z","index-only","RED_BLACK_TREE","memory_unique_index_after_insert",50000,2,50000,4125242,4.125242,82.50484,1.212050105181708E7,3797912,3.6219711303710938,"approximate JVM heap delta after building unique index"
"2026-07-16T04:14:50.729270022Z","index-only","BTREE","sequential_unique_insert",100000,2,100000,12221356,12.221356,122.21356,8182398.0906865,0,0.0,"unique keys inserted in ascending order"
"2026-07-16T04:14:50.763561741Z","index-only","BTREE","random_unique_insert",100000,2,100000,31499572,31.499572,314.99572,3174646.3094800143,0,0.0,"unique keys inserted in shuffled order"
"2026-07-16T04:14:50.774015275Z","index-only","BTREE","equality_search_hit",100000,2,1000,594948,0.594948,594.948,1680819.1640277805,0,0.0,"random existing-key equality lookups"
"2026-07-16T04:14:50.783961381Z","index-only","BTREE","equality_search_miss",100000,2,1000,163650,0.16365,163.65,6110601.894286588,0,0.0,"random absent-key equality lookups"
"2026-07-16T04:14:50.830473606Z","index-only","BTREE","duplicate_key_search",100000,2,1000,34422909,34.422909,34422.909,29050.421043729915,0,0.0,"age-like duplicate keys in range 18..80"
"2026-07-16T04:14:50.847724250Z","index-only","BTREE","range_search",100000,2,200,9038390,9.03839,45191.95,22127.83471392582,0,0.0,"ordered range query workload"
"2026-07-16T04:14:50.854454330Z","index-only","BTREE","delete_existing_keys",100000,2,1000,365268,0.365268,365.268,2737715.8688962627,0,0.0,"removes every tenth key, capped by lookup count"
"2026-07-16T04:14:50.857733776Z","index-only","BTREE","mixed_insert_search_delete",100000,2,1000,242559,0.242559,242.559,4122708.289529558,0,0.0,"50% insert, 40% search, 10% delete pattern"
"2026-07-16T04:14:51.077583936Z","index-only","BTREE","memory_unique_index_after_insert",100000,2,100000,8096004,8.096004,80.96004,1.2351772553472059E7,4867792,4.6422882080078125,"approximate JVM heap delta after building unique index"
"2026-07-16T04:14:51.123843632Z","index-only","SKIPLIST","sequential_unique_insert",100000,2,100000,45974307,45.974307,459.74307,2175127.9470074447,0,0.0,"unique keys inserted in ascending order"
"2026-07-16T04:14:51.213212208Z","index-only","SKIPLIST","random_unique_insert",100000,2,100000,87322475,87.322475,873.22475,1145180.5505970828,0,0.0,"unique keys inserted in shuffled order"
"2026-07-16T04:14:51.255618151Z","index-only","SKIPLIST","equality_search_hit",100000,2,1000,1780092,1.780092,1780.092,561768.7175719008,0,0.0,"random existing-key equality lookups"
"2026-07-16T04:14:51.300163655Z","index-only","SKIPLIST","equality_search_miss",100000,2,1000,210209,0.210209,210.209,4757170.244851553,0,0.0,"random absent-key equality lookups"
"2026-07-16T04:14:51.373701401Z","index-only","SKIPLIST","duplicate_key_search",100000,2,1000,66004699,66.004699,66004.699,15150.436486347737,0,0.0,"age-like duplicate keys in range 18..80"
"2026-07-16T04:14:51.446138541Z","index-only","SKIPLIST","range_search",100000,2,200,46118677,46.118677,230593.385,4336.637844142841,0,0.0,"ordered range query workload"
"2026-07-16T04:14:51.489657960Z","index-only","SKIPLIST","delete_existing_keys",100000,2,1000,746147,0.746147,746.147,1340218.4824170037,0,0.0,"removes every tenth key, capped by lookup count"
"2026-07-16T04:14:51.519807757Z","index-only","SKIPLIST","mixed_insert_search_delete",100000,2,1000,359219,0.359219,359.219,2783817.114350856,0,0.0,"50% insert, 40% search, 10% delete pattern"
"2026-07-16T04:14:51.763627342Z","index-only","SKIPLIST","memory_unique_index_after_insert",100000,2,100000,36128761,36.128761,361.28761,2767877.92418345,38797912,37.000572204589844,"approximate JVM heap delta after building unique index"
"2026-07-16T04:14:51.772624353Z","index-only","HASH_INDEX","sequential_unique_insert",100000,2,100000,7957825,7.957825,79.57825,1.2566247687025035E7,0,0.0,"unique keys inserted in ascending order"
"2026-07-16T04:14:51.785622005Z","index-only","HASH_INDEX","random_unique_insert",100000,2,100000,10931882,10.931882,109.31882,9147555.745662091,0,0.0,"unique keys inserted in shuffled order"
"2026-07-16T04:14:51.793495041Z","index-only","HASH_INDEX","equality_search_hit",100000,2,1000,231699,0.231699,231.699,4315944.393372436,0,0.0,"random existing-key equality lookups"
"2026-07-16T04:14:51.800998358Z","index-only","HASH_INDEX","equality_search_miss",100000,2,1000,101820,0.10182,101.82,9821253.191907289,0,0.0,"random absent-key equality lookups"
"2026-07-16T04:14:51.813024644Z","index-only","HASH_INDEX","duplicate_key_search",100000,2,1000,10755873,10.755873,10755.873,92972.4625792811,0,0.0,"age-like duplicate keys in range 18..80"
"2026-07-16T04:14:51.947604901Z","index-only","HASH_INDEX","range_search",100000,2,200,131855178,131.855178,659275.89,1516.8156687786657,0,0.0,"Hash Index rangeSearch is supported through full scan fallback"
"2026-07-16T04:14:51.953426876Z","index-only","HASH_INDEX","delete_existing_keys",100000,2,1000,83560,0.08356,83.56,1.1967448539971277E7,0,0.0,"removes every tenth key, capped by lookup count"
"2026-07-16T04:14:51.956136224Z","index-only","HASH_INDEX","mixed_insert_search_delete",100000,2,1000,89590,0.08959,89.59,1.1161960040183056E7,0,0.0,"50% insert, 40% search, 10% delete pattern"
"2026-07-16T04:14:52.183127343Z","index-only","HASH_INDEX","memory_unique_index_after_insert",100000,2,100000,7151839,7.151839,71.51839,1.3982417669077842E7,10328184,9.849723815917969,"approximate JVM heap delta after building unique index"
"2026-07-16T04:14:52.197358931Z","index-only","RED_BLACK_TREE","sequential_unique_insert",100000,2,100000,13031663,13.031663,130.31663,7673617.710955232,0,0.0,"unique keys inserted in ascending order"
"2026-07-16T04:14:52.225477707Z","index-only","RED_BLACK_TREE","random_unique_insert",100000,2,100000,26336454,26.336454,263.36454,3797018.383720147,0,0.0,"unique keys inserted in shuffled order"
"2026-07-16T04:14:52.238350790Z","index-only","RED_BLACK_TREE","equality_search_hit",100000,2,1000,849506,0.849506,849.506,1177154.7228624637,0,0.0,"random existing-key equality lookups"
"2026-07-16T04:14:52.250307437Z","index-only","RED_BLACK_TREE","equality_search_miss",100000,2,1000,146739,0.146739,146.739,6814820.872433368,0,0.0,"random absent-key equality lookups"
"2026-07-16T04:14:52.284466857Z","index-only","RED_BLACK_TREE","duplicate_key_search",100000,2,1000,26608113,26.608113,26608.113,37582.52229310662,0,0.0,"age-like duplicate keys in range 18..80"
"2026-07-16T04:14:52.309189288Z","index-only","RED_BLACK_TREE","range_search",100000,2,200,16650077,16.650077,83250.385,12011.956461222371,0,0.0,"ordered range query workload"
"2026-07-16T04:14:52.317758750Z","index-only","RED_BLACK_TREE","delete_existing_keys",100000,2,1000,325489,0.325489,325.489,3072300.446405255,0,0.0,"removes every tenth key, capped by lookup count"
"2026-07-16T04:14:52.321664733Z","index-only","RED_BLACK_TREE","mixed_insert_search_delete",100000,2,1000,152980,0.15298,152.98,6536802.196365538,0,0.0,"50% insert, 40% search, 10% delete pattern"
"2026-07-16T04:14:52.546614321Z","index-only","RED_BLACK_TREE","memory_unique_index_after_insert",100000,2,100000,11216480,11.21648,112.1648,8915452.976334821,7597912,7.245933532714844,"approximate JVM heap delta after building unique index"
"2026-07-16T04:14:52.546774190Z","index-only","BTREE","sequential_unique_insert",1000,3,1000,105999,0.105999,105.999,9434051.264634572,0,0.0,"unique keys inserted in ascending order"
"2026-07-16T04:14:52.547042709Z","index-only","BTREE","random_unique_insert",1000,3,1000,227699,0.227699,227.699,4391762.809674175,0,0.0,"unique keys inserted in shuffled order"
"2026-07-16T04:14:52.547571147Z","index-only","BTREE","equality_search_hit",1000,3,1000,403468,0.403468,403.468,2478511.3069685823,0,0.0,"random existing-key equality lookups"
"2026-07-16T04:14:52.547903926Z","index-only","BTREE","equality_search_miss",1000,3,1000,177270,0.17727,177.27,5641112.427370678,0,0.0,"random absent-key equality lookups"
"2026-07-16T04:14:52.548726392Z","index-only","BTREE","duplicate_key_search",1000,3,1000,644297,0.644297,644.297,1552079.2429578286,0,0.0,"age-like duplicate keys in range 18..80"
"2026-07-16T04:14:52.549133480Z","index-only","BTREE","range_search",1000,3,200,297078,0.297078,1485.39,673223.8671325376,0,0.0,"ordered range query workload"
"2026-07-16T04:14:52.549258420Z","index-only","BTREE","delete_existing_keys",1000,3,100,43770,0.04377,437.7,2284669.8652044777,0,0.0,"removes every tenth key, capped by lookup count"
"2026-07-16T04:14:52.549487309Z","index-only","BTREE","mixed_insert_search_delete",1000,3,1000,189980,0.18998,189.98,5263711.969681019,0,0.0,"50% insert, 40% search, 10% delete pattern"
"2026-07-16T04:14:52.744118231Z","index-only","BTREE","memory_unique_index_after_insert",1000,3,1000,71040,0.07104,71.04,1.4076576576576577E7,48712,0.04645538330078125,"approximate JVM heap delta after building unique index"
"2026-07-16T04:14:52.744371600Z","index-only","SKIPLIST","sequential_unique_insert",1000,3,1000,232789,0.232789,232.789,4295735.623246803,0,0.0,"unique keys inserted in ascending order"
"2026-07-16T04:14:52.744765948Z","index-only","SKIPLIST","random_unique_insert",1000,3,1000,370248,0.370248,370.248,2700892.3748406474,0,0.0,"unique keys inserted in shuffled order"
"2026-07-16T04:14:52.745497895Z","index-only","SKIPLIST","equality_search_hit",1000,3,1000,485408,0.485408,485.408,2060122.618498253,0,0.0,"random existing-key equality lookups"
"2026-07-16T04:14:52.745849203Z","index-only","SKIPLIST","equality_search_miss",1000,3,1000,137789,0.137789,137.789,7257473.383216367,0,0.0,"random absent-key equality lookups"
"2026-07-16T04:14:52.747049898Z","index-only","SKIPLIST","duplicate_key_search",1000,3,1000,1068095,1.068095,1068.095,936246.307678624,0,0.0,"age-like duplicate keys in range 18..80"
"2026-07-16T04:14:52.747747295Z","index-only","SKIPLIST","range_search",1000,3,200,423688,0.423688,2118.44,472045.4674194218,0,0.0,"ordered range query workload"
"2026-07-16T04:14:52.748033604Z","index-only","SKIPLIST","delete_existing_keys",1000,3,100,69270,0.06927,692.7,1443626.3894903997,0,0.0,"removes every tenth key, capped by lookup count"
"2026-07-16T04:14:52.748474152Z","index-only","SKIPLIST","mixed_insert_search_delete",1000,3,1000,330779,0.330779,330.779,3023166.525081701,0,0.0,"50% insert, 40% search, 10% delete pattern"
"2026-07-16T04:14:52.942801475Z","index-only","SKIPLIST","memory_unique_index_after_insert",1000,3,1000,246619,0.246619,246.619,4054837.624027346,388592,0.3705902099609375,"approximate JVM heap delta after building unique index"
"2026-07-16T04:14:52.942869645Z","index-only","HASH_INDEX","sequential_unique_insert",1000,3,1000,40110,0.04011,40.11,2.493143854400399E7,0,0.0,"unique keys inserted in ascending order"
"2026-07-16T04:14:52.942944624Z","index-only","HASH_INDEX","random_unique_insert",1000,3,1000,51959,0.051959,51.959,1.9245943917319424E7,0,0.0,"unique keys inserted in shuffled order"
"2026-07-16T04:14:52.943209813Z","index-only","HASH_INDEX","equality_search_hit",1000,3,1000,221629,0.221629,221.629,4512044.903870883,0,0.0,"random existing-key equality lookups"
"2026-07-16T04:14:52.943417922Z","index-only","HASH_INDEX","equality_search_miss",1000,3,1000,121499,0.121499,121.499,8230520.415805892,0,0.0,"random absent-key equality lookups"
"2026-07-16T04:14:52.943725651Z","index-only","HASH_INDEX","duplicate_key_search",1000,3,1000,215509,0.215509,215.509,4640177.44038532,0,0.0,"age-like duplicate keys in range 18..80"
"2026-07-16T04:14:52.945048275Z","index-only","HASH_INDEX","range_search",1000,3,200,1262624,1.262624,6313.12,158400.28385330868,0,0.0,"Hash Index rangeSearch is supported through full scan fallback"
"2026-07-16T04:14:52.945088985Z","index-only","HASH_INDEX","delete_existing_keys",1000,3,100,9420,0.00942,94.2,1.0615711252653928E7,0,0.0,"removes every tenth key, capped by lookup count"
"2026-07-16T04:14:52.945198264Z","index-only","HASH_INDEX","mixed_insert_search_delete",1000,3,1000,94479,0.094479,94.479,1.0584362662602272E7,0,0.0,"50% insert, 40% search, 10% delete pattern"
"2026-07-16T04:14:53.139602507Z","index-only","HASH_INDEX","memory_unique_index_after_insert",1000,3,1000,41300,0.0413,41.3,2.4213075060532685E7,100800,0.09613037109375,"approximate JVM heap delta after building unique index"
"2026-07-16T04:14:53.139683877Z","index-only","RED_BLACK_TREE","sequential_unique_insert",1000,3,1000,60970,0.06097,60.97,1.6401508938822372E7,0,0.0,"unique keys inserted in ascending order"
"2026-07-16T04:14:53.139804476Z","index-only","RED_BLACK_TREE","random_unique_insert",1000,3,1000,97909,0.097909,97.909,1.0213565657906832E7,0,0.0,"unique keys inserted in shuffled order"
"2026-07-16T04:14:53.140175445Z","index-only","RED_BLACK_TREE","equality_search_hit",1000,3,1000,290799,0.290799,290.799,3438801.371393987,0,0.0,"random existing-key equality lookups"
"2026-07-16T04:14:53.140379464Z","index-only","RED_BLACK_TREE","equality_search_miss",1000,3,1000,111500,0.1115,111.5,8968609.865470853,0,0.0,"random absent-key equality lookups"
"2026-07-16T04:14:53.140743412Z","index-only","RED_BLACK_TREE","duplicate_key_search",1000,3,1000,267839,0.267839,267.839,3733586.2215734078,0,0.0,"age-like duplicate keys in range 18..80"
"2026-07-16T04:14:53.141015101Z","index-only","RED_BLACK_TREE","range_search",1000,3,200,206889,0.206889,1034.445,966701.9512878887,0,0.0,"ordered range query workload"
"2026-07-16T04:14:53.141078491Z","index-only","RED_BLACK_TREE","delete_existing_keys",1000,3,100,16730,0.01673,167.3,5977286.312014345,0,0.0,"removes every tenth key, capped by lookup count"
"2026-07-16T04:14:53.141221990Z","index-only","RED_BLACK_TREE","mixed_insert_search_delete",1000,3,1000,121290,0.12129,121.29,8244702.778464836,0,0.0,"50% insert, 40% search, 10% delete pattern"
"2026-07-16T04:14:53.335092735Z","index-only","RED_BLACK_TREE","memory_unique_index_after_insert",1000,3,1000,62280,0.06228,62.28,1.6056518946692359E7,71232,0.06793212890625,"approximate JVM heap delta after building unique index"
"2026-07-16T04:14:53.335495384Z","index-only","BTREE","sequential_unique_insert",5000,3,5000,361159,0.361159,72.2318,1.3844317876613902E7,0,0.0,"unique keys inserted in ascending order"
"2026-07-16T04:14:53.336475089Z","index-only","BTREE","random_unique_insert",5000,3,5000,917486,0.917486,183.4972,5449674.436449166,0,0.0,"unique keys inserted in shuffled order"
"2026-07-16T04:14:53.337143036Z","index-only","BTREE","equality_search_hit",5000,3,1000,396578,0.396578,396.578,2521572.0488781524,0,0.0,"random existing-key equality lookups"
"2026-07-16T04:14:53.337578684Z","index-only","BTREE","equality_search_miss",5000,3,1000,130579,0.130579,130.579,7658199.251028113,0,0.0,"random absent-key equality lookups"
"2026-07-16T04:14:53.339437646Z","index-only","BTREE","duplicate_key_search",5000,3,1000,1542683,1.542683,1542.683,648221.3131278428,0,0.0,"age-like duplicate keys in range 18..80"
"2026-07-16T04:14:53.340674881Z","index-only","BTREE","range_search",5000,3,200,881327,0.881327,4406.635,226930.52635400934,0,0.0,"ordered range query workload"
"2026-07-16T04:14:53.341140189Z","index-only","BTREE","delete_existing_keys",5000,3,500,171950,0.17195,343.9,2907822.041291073,0,0.0,"removes every tenth key, capped by lookup count"
"2026-07-16T04:14:53.341439057Z","index-only","BTREE","mixed_insert_search_delete",5000,3,1000,169039,0.169039,169.039,5915794.5799490055,0,0.0,"50% insert, 40% search, 10% delete pattern"
"2026-07-16T04:14:53.536651188Z","index-only","BTREE","memory_unique_index_after_insert",5000,3,5000,376948,0.376948,75.3896,1.3264429045916148E7,237904,0.2268829345703125,"approximate JVM heap delta after building unique index"
"2026-07-16T04:14:53.537765823Z","index-only","SKIPLIST","sequential_unique_insert",5000,3,5000,1083755,1.083755,216.751,4613588.864641916,0,0.0,"unique keys inserted in ascending order"
"2026-07-16T04:14:53.541027448Z","index-only","SKIPLIST","random_unique_insert",5000,3,5000,3201916,3.201916,640.3832,1561565.0129484972,0,0.0,"unique keys inserted in shuffled order"
"2026-07-16T04:14:53.545798757Z","index-only","SKIPLIST","equality_search_hit",5000,3,1000,3019826,3.019826,3019.826,331144.90702444443,0,0.0,"random existing-key equality lookups"
"2026-07-16T04:14:53.548230617Z","index-only","SKIPLIST","equality_search_miss",5000,3,1000,237229,0.237229,237.229,4215336.236294888,0,0.0,"random absent-key equality lookups"
"2026-07-16T04:14:53.554018461Z","index-only","SKIPLIST","duplicate_key_search",5000,3,1000,5278187,5.278187,5278.187,189458.99415841082,0,0.0,"age-like duplicate keys in range 18..80"
"2026-07-16T04:14:53.558155253Z","index-only","SKIPLIST","range_search",5000,3,200,2147171,2.147171,10735.855,93145.81838148895,0,0.0,"ordered range query workload"
"2026-07-16T04:14:53.560275184Z","index-only","SKIPLIST","delete_existing_keys",5000,3,500,147070,0.14707,294.14,3399741.6196369072,0,0.0,"removes every tenth key, capped by lookup count"
"2026-07-16T04:14:53.561679717Z","index-only","SKIPLIST","mixed_insert_search_delete",5000,3,1000,434258,0.434258,434.258,2302778.532577408,0,0.0,"50% insert, 40% search, 10% delete pattern"
"2026-07-16T04:14:53.760272752Z","index-only","SKIPLIST","memory_unique_index_after_insert",5000,3,5000,1367424,1.367424,273.4848,3656510.34353646,1940592,1.8506927490234375,"approximate JVM heap delta after building unique index"
"2026-07-16T04:14:53.760476061Z","index-only","HASH_INDEX","sequential_unique_insert",5000,3,5000,170409,0.170409,34.0818,2.9341173294837713E7,0,0.0,"unique keys inserted in ascending order"
"2026-07-16T04:14:53.760856009Z","index-only","HASH_INDEX","random_unique_insert",5000,3,5000,317208,0.317208,63.4416,1.5762528057299944E7,0,0.0,"unique keys inserted in shuffled order"
"2026-07-16T04:14:53.761290788Z","index-only","HASH_INDEX","equality_search_hit",5000,3,1000,272939,0.272939,272.939,3663822.3192728045,0,0.0,"random existing-key equality lookups"
"2026-07-16T04:14:53.761565986Z","index-only","HASH_INDEX","equality_search_miss",5000,3,1000,93439,0.093439,93.439,1.0702169329723135E7,0,0.0,"random absent-key equality lookups"
"2026-07-16T04:14:53.762946100Z","index-only","HASH_INDEX","duplicate_key_search",5000,3,1000,1255684,1.255684,1255.684,796378.7067446905,0,0.0,"age-like duplicate keys in range 18..80"
"2026-07-16T04:14:53.771123724Z","index-only","HASH_INDEX","range_search",5000,3,200,7822635,7.822635,39113.175,25566.83265932771,0,0.0,"Hash Index rangeSearch is supported through full scan fallback"
"2026-07-16T04:14:53.771652612Z","index-only","HASH_INDEX","delete_existing_keys",5000,3,500,35720,0.03572,71.44,1.3997760358342666E7,0,0.0,"removes every tenth key, capped by lookup count"
"2026-07-16T04:14:53.771804491Z","index-only","HASH_INDEX","mixed_insert_search_delete",5000,3,1000,90059,0.090059,90.059,1.110383193239987E7,0,0.0,"50% insert, 40% search, 10% delete pattern"
"2026-07-16T04:14:53.966316285Z","index-only","HASH_INDEX","memory_unique_index_after_insert",5000,3,5000,178429,0.178429,35.6858,2.8022350626859985E7,493376,0.47052001953125,"approximate JVM heap delta after building unique index"
"2026-07-16T04:14:53.966677053Z","index-only","RED_BLACK_TREE","sequential_unique_insert",5000,3,5000,331688,0.331688,66.3376,1.5074407274305973E7,0,0.0,"unique keys inserted in ascending order"
"2026-07-16T04:14:53.967433950Z","index-only","RED_BLACK_TREE","random_unique_insert",5000,3,5000,695457,0.695457,139.0914,7189517.108893864,0,0.0,"unique keys inserted in shuffled order"
"2026-07-16T04:14:53.968068177Z","index-only","RED_BLACK_TREE","equality_search_hit",5000,3,1000,390868,0.390868,390.868,2558408.4652619297,0,0.0,"random existing-key equality lookups"
"2026-07-16T04:14:53.968468175Z","index-only","RED_BLACK_TREE","equality_search_miss",5000,3,1000,117619,0.117619,117.619,8502027.733614467,0,0.0,"random absent-key equality lookups"
"2026-07-16T04:14:53.969532491Z","index-only","RED_BLACK_TREE","duplicate_key_search",5000,3,1000,856287,0.856287,856.287,1167832.7476652104,0,0.0,"age-like duplicate keys in range 18..80"
"2026-07-16T04:14:53.971232493Z","index-only","RED_BLACK_TREE","range_search",5000,3,200,1434213,1.434213,7171.065,139449.30076634363,0,0.0,"ordered range query workload"
"2026-07-16T04:14:53.971915250Z","index-only","RED_BLACK_TREE","delete_existing_keys",5000,3,500,235999,0.235999,471.998,2118653.045140022,0,0.0,"removes every tenth key, capped by lookup count"
"2026-07-16T04:14:53.972322678Z","index-only","RED_BLACK_TREE","mixed_insert_search_delete",5000,3,1000,194489,0.194489,194.489,5141678.963848855,0,0.0,"50% insert, 40% search, 10% delete pattern"
"2026-07-16T04:14:54.168849142Z","index-only","RED_BLACK_TREE","memory_unique_index_after_insert",5000,3,5000,342479,0.342479,68.4958,1.4599435293842833E7,380592,0.3629608154296875,"approximate JVM heap delta after building unique index"
"2026-07-16T04:14:54.169685869Z","index-only","BTREE","sequential_unique_insert",10000,3,10000,754807,0.754807,75.4807,1.3248419794728983E7,0,0.0,"unique keys inserted in ascending order"
"2026-07-16T04:14:54.171938859Z","index-only","BTREE","random_unique_insert",10000,3,10000,2134861,2.134861,213.4861,4684145.712531167,0,0.0,"unique keys inserted in shuffled order"
"2026-07-16T04:14:54.173006964Z","index-only","BTREE","equality_search_hit",10000,3,1000,509728,0.509728,509.728,1961830.623391299,0,0.0,"random existing-key equality lookups"
"2026-07-16T04:14:54.173735861Z","index-only","BTREE","equality_search_miss",10000,3,1000,134570,0.13457,134.57,7431076.763022962,0,0.0,"random absent-key equality lookups"
"2026-07-16T04:14:54.179038938Z","index-only","BTREE","duplicate_key_search",10000,3,1000,4653440,4.65344,4653.44,214894.78751203412,0,0.0,"age-like duplicate keys in range 18..80"
"2026-07-16T04:14:54.183325039Z","index-only","BTREE","range_search",10000,3,200,2618109,2.618109,13090.545,76391.01351395225,0,0.0,"ordered range query workload"
"2026-07-16T04:14:54.184495843Z","index-only","BTREE","delete_existing_keys",10000,3,1000,268128,0.268128,268.128,3729562.000238692,0,0.0,"removes every tenth key, capped by lookup count"
"2026-07-16T04:14:54.185137891Z","index-only","BTREE","mixed_insert_search_delete",10000,3,1000,209129,0.209129,209.129,4781737.5878046565,0,0.0,"50% insert, 40% search, 10% delete pattern"
"2026-07-16T04:14:54.382214431Z","index-only","BTREE","memory_unique_index_after_insert",10000,3,10000,755006,0.755006,75.5006,1.3244927854877975E7,486664,0.46411895751953125,"approximate JVM heap delta after building unique index"
"2026-07-16T04:14:54.384617621Z","index-only","SKIPLIST","sequential_unique_insert",10000,3,10000,2358890,2.35889,235.889,4239282.035194519,0,0.0,"unique keys inserted in ascending order"
"2026-07-16T04:14:54.390750864Z","index-only","SKIPLIST","random_unique_insert",10000,3,10000,6040324,6.040324,604.0324,1655540.3319424589,0,0.0,"unique keys inserted in shuffled order"
"2026-07-16T04:14:54.395311294Z","index-only","SKIPLIST","equality_search_hit",10000,3,1000,995686,0.995686,995.686,1004332.6912299661,0,0.0,"random existing-key equality lookups"
"2026-07-16T04:14:54.400216302Z","index-only","SKIPLIST","equality_search_miss",10000,3,1000,159589,0.159589,159.589,6266096.03418782,0,0.0,"random absent-key equality lookups"
"2026-07-16T04:14:54.412017460Z","index-only","SKIPLIST","duplicate_key_search",10000,3,1000,10823062,10.823062,10823.062,92395.29441852962,0,0.0,"age-like duplicate keys in range 18..80"
"2026-07-16T04:14:54.420049815Z","index-only","SKIPLIST","range_search",10000,3,200,4083792,4.083792,20418.96,48974.09074703119,0,0.0,"ordered range query workload"
"2026-07-16T04:14:54.424224446Z","index-only","SKIPLIST","delete_existing_keys",10000,3,1000,290279,0.290279,290.279,3444961.5714536705,0,0.0,"removes every tenth key, capped by lookup count"
"2026-07-16T04:14:54.426569676Z","index-only","SKIPLIST","mixed_insert_search_delete",10000,3,1000,446078,0.446078,446.078,2241760.409614462,0,0.0,"50% insert, 40% search, 10% delete pattern"
"2026-07-16T04:14:54.624861603Z","index-only","SKIPLIST","memory_unique_index_after_insert",10000,3,10000,3062436,3.062436,306.2436,3265374.3621091186,3875232,3.695709228515625,"approximate JVM heap delta after building unique index"
"2026-07-16T04:14:54.625264641Z","index-only","HASH_INDEX","sequential_unique_insert",10000,3,10000,355129,0.355129,35.5129,2.815878173846687E7,0,0.0,"unique keys inserted in ascending order"
"2026-07-16T04:14:54.626237427Z","index-only","HASH_INDEX","random_unique_insert",10000,3,10000,851697,0.851697,85.1697,1.174126479252598E7,0,0.0,"unique keys inserted in shuffled order"
"2026-07-16T04:14:54.627207252Z","index-only","HASH_INDEX","equality_search_hit",10000,3,1000,687407,0.687407,687.407,1454742.2414959406,0,0.0,"random existing-key equality lookups"
"2026-07-16T04:14:54.627681820Z","index-only","HASH_INDEX","equality_search_miss",10000,3,1000,96669,0.096669,96.669,1.034457788949922E7,0,0.0,"random absent-key equality lookups"
"2026-07-16T04:14:54.629219363Z","index-only","HASH_INDEX","duplicate_key_search",10000,3,1000,1335174,1.335174,1335.174,748966.0523647105,0,0.0,"age-like duplicate keys in range 18..80"
"2026-07-16T04:14:54.641592309Z","index-only","HASH_INDEX","range_search",10000,3,200,12089267,12.089267,60446.335,16543.60020338702,0,0.0,"Hash Index rangeSearch is supported through full scan fallback"
"2026-07-16T04:14:54.641922537Z","index-only","HASH_INDEX","delete_existing_keys",10000,3,1000,75409,0.075409,75.409,1.3261016589531755E7,0,0.0,"removes every tenth key, capped by lookup count"
"2026-07-16T04:14:54.642128926Z","index-only","HASH_INDEX","mixed_insert_search_delete",10000,3,1000,91929,0.091929,91.929,1.0877960164909877E7,0,0.0,"50% insert, 40% search, 10% delete pattern"
"2026-07-16T04:14:54.837978494Z","index-only","HASH_INDEX","memory_unique_index_after_insert",10000,3,10000,308498,0.308498,30.8498,3.2415121005646717E7,980784,0.9353485107421875,"approximate JVM heap delta after building unique index"
"2026-07-16T04:14:54.838722560Z","index-only","RED_BLACK_TREE","sequential_unique_insert",10000,3,10000,691977,0.691977,69.1977,1.445134737137217E7,0,0.0,"unique keys inserted in ascending order"
"2026-07-16T04:14:54.840584712Z","index-only","RED_BLACK_TREE","random_unique_insert",10000,3,10000,1725222,1.725222,172.5222,5796355.483526178,0,0.0,"unique keys inserted in shuffled order"
"2026-07-16T04:14:54.841571148Z","index-only","RED_BLACK_TREE","equality_search_hit",10000,3,1000,473508,0.473508,473.508,2111896.7366971625,0,0.0,"random existing-key equality lookups"
"2026-07-16T04:14:54.842256765Z","index-only","RED_BLACK_TREE","equality_search_miss",10000,3,1000,121090,0.12109,121.09,8258320.257659593,0,0.0,"random absent-key equality lookups"
"2026-07-16T04:14:54.846528566Z","index-only","RED_BLACK_TREE","duplicate_key_search",10000,3,1000,3893393,3.893393,3893.393,256845.37882510189,0,0.0,"age-like duplicate keys in range 18..80"
"2026-07-16T04:14:54.850869417Z","index-only","RED_BLACK_TREE","range_search",10000,3,200,3064737,3.064737,15323.685,65258.454477496765,0,0.0,"ordered range query workload"
"2026-07-16T04:14:54.851902612Z","index-only","RED_BLACK_TREE","delete_existing_keys",10000,3,1000,158899,0.158899,158.899,6293305.810609255,0,0.0,"removes every tenth key, capped by lookup count"
"2026-07-16T04:14:54.852505209Z","index-only","RED_BLACK_TREE","mixed_insert_search_delete",10000,3,1000,186839,0.186839,186.839,5352201.628139735,0,0.0,"50% insert, 40% search, 10% delete pattern"
"2026-07-16T04:14:55.049868830Z","index-only","RED_BLACK_TREE","memory_unique_index_after_insert",10000,3,10000,697227,0.697227,69.7227,1.434253119859099E7,760592,0.7253570556640625,"approximate JVM heap delta after building unique index"
"2026-07-16T04:14:55.053423654Z","index-only","BTREE","sequential_unique_insert",50000,3,50000,3360665,3.360665,67.2133,1.4878007775246862E7,0,0.0,"unique keys inserted in ascending order"
"2026-07-16T04:14:55.068992085Z","index-only","BTREE","random_unique_insert",50000,3,50000,15154543,15.154543,303.09086,3299340.666359916,0,0.0,"unique keys inserted in shuffled order"
"2026-07-16T04:14:55.073471126Z","index-only","BTREE","equality_search_hit",50000,3,1000,378589,0.378589,378.589,2641386.8337431885,0,0.0,"random existing-key equality lookups"
"2026-07-16T04:14:55.078076905Z","index-only","BTREE","equality_search_miss",50000,3,1000,136379,0.136379,136.379,7332507.204188328,0,0.0,"random absent-key equality lookups"
"2026-07-16T04:14:55.104236580Z","index-only","BTREE","duplicate_key_search",50000,3,1000,20731029,20.731029,20731.029,48236.87237136179,0,0.0,"age-like duplicate keys in range 18..80"
"2026-07-16T04:14:55.117017484Z","index-only","BTREE","range_search",50000,3,200,8032755,8.032755,40163.775,24898.058013720074,0,0.0,"ordered range query workload"
"2026-07-16T04:14:55.120867507Z","index-only","BTREE","delete_existing_keys",50000,3,1000,869656,0.869656,869.656,1149879.9525329554,0,0.0,"removes every tenth key, capped by lookup count"
"2026-07-16T04:14:55.122589469Z","index-only","BTREE","mixed_insert_search_delete",50000,3,1000,275949,0.275949,275.949,3623858.0317377485,0,0.0,"50% insert, 40% search, 10% delete pattern"
"2026-07-16T04:14:55.330551033Z","index-only","BTREE","memory_unique_index_after_insert",50000,3,50000,4294821,4.294821,85.89642,1.1641928732303396E7,2427272,2.3148269653320312,"approximate JVM heap delta after building unique index"
"2026-07-16T04:14:55.353661081Z","index-only","SKIPLIST","sequential_unique_insert",50000,3,50000,22935659,22.935659,458.71318,2180011.48342849,0,0.0,"unique keys inserted in ascending order"
"2026-07-16T04:14:55.398574333Z","index-only","SKIPLIST","random_unique_insert",50000,3,50000,44139176,44.139176,882.78352,1132780.5485086537,0,0.0,"unique keys inserted in shuffled order"
"2026-07-16T04:14:55.418504685Z","index-only","SKIPLIST","equality_search_hit",50000,3,1000,1184045,1.184045,1184.045,844562.4955132616,0,0.0,"random existing-key equality lookups"
"2026-07-16T04:14:55.439338643Z","index-only","SKIPLIST","equality_search_miss",50000,3,1000,200659,0.200659,200.659,4983579.106842953,0,0.0,"random absent-key equality lookups"
"2026-07-16T04:14:55.483261200Z","index-only","SKIPLIST","duplicate_key_search",50000,3,1000,39100768,39.100768,39100.768,25574.9452286973,0,0.0,"age-like duplicate keys in range 18..80"
"2026-07-16T04:14:55.510929238Z","index-only","SKIPLIST","range_search",50000,3,200,15875010,15.87501,79375.05,12598.417260839522,0,0.0,"ordered range query workload"
"2026-07-16T04:14:55.522359987Z","index-only","SKIPLIST","delete_existing_keys",50000,3,1000,550397,0.550397,550.397,1816870.3681161052,0,0.0,"removes every tenth key, capped by lookup count"
"2026-07-16T04:14:55.528212751Z","index-only","SKIPLIST","mixed_insert_search_delete",50000,3,1000,317108,0.317108,317.108,3153499.7540270193,0,0.0,"50% insert, 40% search, 10% delete pattern"
"2026-07-16T04:14:55.764373471Z","index-only","SKIPLIST","memory_unique_index_after_insert",50000,3,50000,21314486,21.314486,426.28972,2345822.4608371975,19397912,18.499290466308594,"approximate JVM heap delta after building unique index"
"2026-07-16T04:14:55.765970324Z","index-only","HASH_INDEX","sequential_unique_insert",50000,3,50000,1450004,1.450004,29.00008,3.44826634961007E7,0,0.0,"unique keys inserted in ascending order"
"2026-07-16T04:14:55.771090391Z","index-only","HASH_INDEX","random_unique_insert",50000,3,50000,4440390,4.44039,88.8078,1.1260272183299216E7,0,0.0,"unique keys inserted in shuffled order"
"2026-07-16T04:14:55.775494362Z","index-only","HASH_INDEX","equality_search_hit",50000,3,1000,110960,0.11096,110.96,9012256.669069935,0,0.0,"random existing-key equality lookups"
"2026-07-16T04:14:55.781180947Z","index-only","HASH_INDEX","equality_search_miss",50000,3,1000,67930,0.06793,67.93,1.4721036360959813E7,0,0.0,"random absent-key equality lookups"
"2026-07-16T04:14:55.795660803Z","index-only","HASH_INDEX","duplicate_key_search",50000,3,1000,13318401,13.318401,13318.401,75084.08854786697,0,0.0,"age-like duplicate keys in range 18..80"
"2026-07-16T04:14:55.860472817Z","index-only","HASH_INDEX","range_search",50000,3,200,61128460,61.12846,305642.3,3271.7984388940927,0,0.0,"Hash Index rangeSearch is supported through full scan fallback"
"2026-07-16T04:14:55.862195500Z","index-only","HASH_INDEX","delete_existing_keys",50000,3,1000,74260,0.07426,74.26,1.3466199838405602E7,0,0.0,"removes every tenth key, capped by lookup count"
"2026-07-16T04:14:55.862947226Z","index-only","HASH_INDEX","mixed_insert_search_delete",50000,3,1000,91339,0.091339,91.339,1.0948225840002628E7,0,0.0,"50% insert, 40% search, 10% delete pattern"
"2026-07-16T04:14:56.071124178Z","index-only","HASH_INDEX","memory_unique_index_after_insert",50000,3,50000,2408379,2.408379,48.16758,2.076085200875776E7,5124896,4.887481689453125,"approximate JVM heap delta after building unique index"
"2026-07-16T04:14:56.075531939Z","index-only","RED_BLACK_TREE","sequential_unique_insert",50000,3,50000,4263491,4.263491,85.26982,1.1727478725767216E7,0,0.0,"unique keys inserted in ascending order"
"2026-07-16T04:14:56.086387601Z","index-only","RED_BLACK_TREE","random_unique_insert",50000,3,50000,10390834,10.390834,207.81668,4811933.2865870055,0,0.0,"unique keys inserted in shuffled order"
"2026-07-16T04:14:56.092858442Z","index-only","RED_BLACK_TREE","equality_search_hit",50000,3,1000,334758,0.334758,334.758,2987232.5680043492,0,0.0,"random existing-key equality lookups"
"2026-07-16T04:14:56.097664921Z","index-only","RED_BLACK_TREE","equality_search_miss",50000,3,1000,84079,0.084079,84.079,1.1893576279451467E7,0,0.0,"random absent-key equality lookups"
"2026-07-16T04:14:56.119301206Z","index-only","RED_BLACK_TREE","duplicate_key_search",50000,3,1000,18556678,18.556678,18556.678,53888.955771070665,0,0.0,"age-like duplicate keys in range 18..80"
"2026-07-16T04:14:56.137622175Z","index-only","RED_BLACK_TREE","range_search",50000,3,200,13536550,13.53655,67682.75,14774.813375638549,0,0.0,"ordered range query workload"
"2026-07-16T04:14:56.145187672Z","index-only","RED_BLACK_TREE","delete_existing_keys",50000,3,1000,159979,0.159979,159.979,6250820.420180148,0,0.0,"removes every tenth key, capped by lookup count"
"2026-07-16T04:14:56.147155243Z","index-only","RED_BLACK_TREE","mixed_insert_search_delete",50000,3,1000,114229,0.114229,114.229,8754344.343380403,0,0.0,"50% insert, 40% search, 10% delete pattern"
"2026-07-16T04:14:56.352931636Z","index-only","RED_BLACK_TREE","memory_unique_index_after_insert",50000,3,50000,4233671,4.233671,84.67342,1.1810081605301877E7,3797912,3.6219711303710938,"approximate JVM heap delta after building unique index"
"2026-07-16T04:14:56.364026527Z","index-only","BTREE","sequential_unique_insert",100000,3,100000,10811362,10.811362,108.11362,9249528.412793875,0,0.0,"unique keys inserted in ascending order"
"2026-07-16T04:14:56.397196161Z","index-only","BTREE","random_unique_insert",100000,3,100000,30462976,30.462976,304.62976,3282673.367172006,0,0.0,"unique keys inserted in shuffled order"
"2026-07-16T04:14:56.407790914Z","index-only","BTREE","equality_search_hit",100000,3,1000,793826,0.793826,793.826,1259721.903792519,0,0.0,"random existing-key equality lookups"
"2026-07-16T04:14:56.417710250Z","index-only","BTREE","equality_search_miss",100000,3,1000,124049,0.124049,124.049,8061330.60322937,0,0.0,"random absent-key equality lookups"
"2026-07-16T04:14:56.467255092Z","index-only","BTREE","duplicate_key_search",100000,3,1000,36198640,36.19864,36198.64,27625.34725061494,0,0.0,"age-like duplicate keys in range 18..80"
"2026-07-16T04:14:56.487057875Z","index-only","BTREE","range_search",100000,3,200,9734727,9.734727,48673.635,20545.003470564712,0,0.0,"ordered range query workload"
"2026-07-16T04:14:56.493727566Z","index-only","BTREE","delete_existing_keys",100000,3,1000,239409,0.239409,239.409,4176952.4119811705,0,0.0,"removes every tenth key, capped by lookup count"
"2026-07-16T04:14:56.496849892Z","index-only","BTREE","mixed_insert_search_delete",100000,3,1000,153390,0.15339,153.39,6519329.812895235,0,0.0,"50% insert, 40% search, 10% delete pattern"
"2026-07-16T04:14:56.715670166Z","index-only","BTREE","memory_unique_index_after_insert",100000,3,100000,8108794,8.108794,81.08794,1.2332290103805818E7,4868824,4.643272399902344,"approximate JVM heap delta after building unique index"
"2026-07-16T04:14:56.762616480Z","index-only","SKIPLIST","sequential_unique_insert",100000,3,100000,46667955,46.667955,466.67955,2142797.9863270205,0,0.0,"unique keys inserted in ascending order"
"2026-07-16T04:14:56.853274440Z","index-only","SKIPLIST","random_unique_insert",100000,3,100000,88743899,88.743899,887.43899,1126838.0263526624,0,0.0,"unique keys inserted in shuffled order"
"2026-07-16T04:14:56.898211712Z","index-only","SKIPLIST","equality_search_hit",100000,3,1000,1758852,1.758852,1758.852,568552.6695822048,0,0.0,"random existing-key equality lookups"
"2026-07-16T04:14:56.943960230Z","index-only","SKIPLIST","equality_search_miss",100000,3,1000,107109,0.107109,107.109,9336283.598950602,0,0.0,"random absent-key equality lookups"
"2026-07-16T04:14:57.012677847Z","index-only","SKIPLIST","duplicate_key_search",100000,3,1000,60137155,60.137155,60137.155,16628.654947178664,0,0.0,"age-like duplicate keys in range 18..80"
"2026-07-16T04:14:57.089428469Z","index-only","SKIPLIST","range_search",100000,3,200,47885059,47.885059,239425.295,4176.668133582126,0,0.0,"ordered range query workload"
"2026-07-16T04:14:57.134862089Z","index-only","SKIPLIST","delete_existing_keys",100000,3,1000,714627,0.714627,714.627,1399331.3994573392,0,0.0,"removes every tenth key, capped by lookup count"
"2026-07-16T04:14:57.157021361Z","index-only","SKIPLIST","mixed_insert_search_delete",100000,3,1000,456758,0.456758,456.758,2189343.153267157,0,0.0,"50% insert, 40% search, 10% delete pattern"
"2026-07-16T04:14:57.399182473Z","index-only","SKIPLIST","memory_unique_index_after_insert",100000,3,100000,31580680,31.58068,315.8068,3166492.931754478,38797912,37.000572204589844,"approximate JVM heap delta after building unique index"
"2026-07-16T04:14:57.402490038Z","index-only","HASH_INDEX","sequential_unique_insert",100000,3,100000,3024497,3.024497,30.24497,3.306334904613891E7,0,0.0,"unique keys inserted in ascending order"
"2026-07-16T04:14:57.412034486Z","index-only","HASH_INDEX","random_unique_insert",100000,3,100000,8115684,8.115684,81.15684,1.2321820317301659E7,0,0.0,"unique keys inserted in shuffled order"
"2026-07-16T04:14:57.414712924Z","index-only","HASH_INDEX","equality_search_hit",100000,3,1000,67020,0.06702,67.02,1.4920919128618322E7,0,0.0,"random existing-key equality lookups"
"2026-07-16T04:14:57.420800647Z","index-only","HASH_INDEX","equality_search_miss",100000,3,1000,27600,0.0276,27.6,3.6231884057971016E7,0,0.0,"random absent-key equality lookups"
"2026-07-16T04:14:57.431682029Z","index-only","HASH_INDEX","duplicate_key_search",100000,3,1000,9644727,9.644727,9644.727,103683.59830195297,0,0.0,"age-like duplicate keys in range 18..80"
"2026-07-16T04:14:57.559281547Z","index-only","HASH_INDEX","range_search",100000,3,200,125050499,125.050499,625252.495,1599.3538738298037,0,0.0,"Hash Index rangeSearch is supported through full scan fallback"
"2026-07-16T04:14:57.566660134Z","index-only","HASH_INDEX","delete_existing_keys",100000,3,1000,78209,0.078209,78.209,1.2786252221611325E7,0,0.0,"removes every tenth key, capped by lookup count"
"2026-07-16T04:14:57.569790490Z","index-only","HASH_INDEX","mixed_insert_search_delete",100000,3,1000,73779,0.073779,73.779,1.3553992328440342E7,0,0.0,"50% insert, 40% search, 10% delete pattern"
"2026-07-16T04:14:57.795924523Z","index-only","HASH_INDEX","memory_unique_index_after_insert",100000,3,100000,9305329,9.305329,93.05329,1.07465302946301E7,10389176,9.907890319824219,"approximate JVM heap delta after building unique index"
"2026-07-16T04:14:57.808344338Z","index-only","RED_BLACK_TREE","sequential_unique_insert",100000,3,100000,12131166,12.131166,121.31166,8243230.700165178,0,0.0,"unique keys inserted in ascending order"
"2026-07-16T04:14:57.836585854Z","index-only","RED_BLACK_TREE","random_unique_insert",100000,3,100000,26449814,26.449814,264.49814,3780744.9231968136,0,0.0,"unique keys inserted in shuffled order"
"2026-07-16T04:14:57.848849220Z","index-only","RED_BLACK_TREE","equality_search_hit",100000,3,1000,449088,0.449088,449.088,2226735.0719680777,0,0.0,"random existing-key equality lookups"
"2026-07-16T04:14:57.860497598Z","index-only","RED_BLACK_TREE","equality_search_miss",100000,3,1000,71629,0.071629,71.629,1.3960825922461573E7,0,0.0,"random absent-key equality lookups"
"2026-07-16T04:14:57.892639997Z","index-only","RED_BLACK_TREE","duplicate_key_search",100000,3,1000,24770021,24.770021,24770.021,40371.38280988942,0,0.0,"age-like duplicate keys in range 18..80"
"2026-07-16T04:14:57.917118779Z","index-only","RED_BLACK_TREE","range_search",100000,3,200,16643917,16.643917,83219.585,12016.402148604802,0,0.0,"ordered range query workload"
"2026-07-16T04:14:57.925654741Z","index-only","RED_BLACK_TREE","delete_existing_keys",100000,3,1000,194519,0.194519,194.519,5140885.980289843,0,0.0,"removes every tenth key, capped by lookup count"
"2026-07-16T04:14:57.929546604Z","index-only","RED_BLACK_TREE","mixed_insert_search_delete",100000,3,1000,87759,0.087759,87.759,1.1394842694196606E7,0,0.0,"50% insert, 40% search, 10% delete pattern"
"2026-07-16T04:14:58.150782629Z","index-only","RED_BLACK_TREE","memory_unique_index_after_insert",100000,3,100000,10639923,10.639923,106.39923,9398564.256527044,7701200,7.3444366455078125,"approximate JVM heap delta after building unique index"
"2026-07-16T04:14:58.150948468Z","index-only","BTREE","sequential_unique_insert",1000,4,1000,107219,0.107219,107.219,9326705.154869938,0,0.0,"unique keys inserted in ascending order"
"2026-07-16T04:14:58.151158727Z","index-only","BTREE","random_unique_insert",1000,4,1000,171229,0.171229,171.229,5840132.220593474,0,0.0,"unique keys inserted in shuffled order"
"2026-07-16T04:14:58.151530646Z","index-only","BTREE","equality_search_hit",1000,4,1000,253939,0.253939,253.939,3937953.603030649,0,0.0,"random existing-key equality lookups"
"2026-07-16T04:14:58.151734185Z","index-only","BTREE","equality_search_miss",1000,4,1000,83240,0.08324,83.24,1.201345506967804E7,0,0.0,"random absent-key equality lookups"
"2026-07-16T04:14:58.152483312Z","index-only","BTREE","duplicate_key_search",1000,4,1000,610168,0.610168,610.168,1638892.8950715212,0,0.0,"age-like duplicate keys in range 18..80"
"2026-07-16T04:14:58.152886210Z","index-only","BTREE","range_search",1000,4,200,299389,0.299389,1496.945,668027.2154287565,0,0.0,"ordered range query workload"
"2026-07-16T04:14:58.153012899Z","index-only","BTREE","delete_existing_keys",1000,4,100,46379,0.046379,463.79,2156148.2567541343,0,0.0,"removes every tenth key, capped by lookup count"
"2026-07-16T04:14:58.153180749Z","index-only","BTREE","mixed_insert_search_delete",1000,4,1000,129620,0.12962,129.62,7714858.818083629,0,0.0,"50% insert, 40% search, 10% delete pattern"
"2026-07-16T04:14:58.348411009Z","index-only","BTREE","memory_unique_index_after_insert",1000,4,1000,70670,0.07067,70.67,1.4150275930380642E7,43352,0.04134368896484375,"approximate JVM heap delta after building unique index"
"2026-07-16T04:14:58.348676217Z","index-only","SKIPLIST","sequential_unique_insert",1000,4,1000,242388,0.242388,242.388,4125616.779708566,0,0.0,"unique keys inserted in ascending order"
"2026-07-16T04:14:58.349199085Z","index-only","SKIPLIST","random_unique_insert",1000,4,1000,497418,0.497418,497.418,2010381.6106373311,0,0.0,"unique keys inserted in shuffled order"
"2026-07-16T04:14:58.349851002Z","index-only","SKIPLIST","equality_search_hit",1000,4,1000,401028,0.401028,401.028,2493591.4699222995,0,0.0,"random existing-key equality lookups"
"2026-07-16T04:14:58.350158271Z","index-only","SKIPLIST","equality_search_miss",1000,4,1000,76480,0.07648,76.48,1.3075313807531381E7,0,0.0,"random absent-key equality lookups"
"2026-07-16T04:14:58.351209706Z","index-only","SKIPLIST","duplicate_key_search",1000,4,1000,955775,0.955775,955.775,1046271.3504747456,0,0.0,"age-like duplicate keys in range 18..80"
"2026-07-16T04:14:58.352014063Z","index-only","SKIPLIST","range_search",1000,4,200,489728,0.489728,2448.64,408389.96340825927,0,0.0,"ordered range query workload"
"2026-07-16T04:14:58.352316771Z","index-only","SKIPLIST","delete_existing_keys",1000,4,100,63099,0.063099,630.99,1584811.1697491244,0,0.0,"removes every tenth key, capped by lookup count"
"2026-07-16T04:14:58.352690520Z","index-only","SKIPLIST","mixed_insert_search_delete",1000,4,1000,266309,0.266309,266.309,3755036.4426286756,0,0.0,"50% insert, 40% search, 10% delete pattern"
"2026-07-16T04:14:58.547541531Z","index-only","SKIPLIST","memory_unique_index_after_insert",1000,4,1000,234859,0.234859,234.859,4257873.873260126,383232,0.365478515625,"approximate JVM heap delta after building unique index"
"2026-07-16T04:14:58.547600260Z","index-only","HASH_INDEX","sequential_unique_insert",1000,4,1000,40319,0.040319,40.319,2.480220243557628E7,0,0.0,"unique keys inserted in ascending order"
"2026-07-16T04:14:58.547669510Z","index-only","HASH_INDEX","random_unique_insert",1000,4,1000,45980,0.04598,45.98,2.174858634188778E7,0,0.0,"unique keys inserted in shuffled order"
"2026-07-16T04:14:58.547771150Z","index-only","HASH_INDEX","equality_search_hit",1000,4,1000,53990,0.05399,53.99,1.8521948508983143E7,0,0.0,"random existing-key equality lookups"
"2026-07-16T04:14:58.547897829Z","index-only","HASH_INDEX","equality_search_miss",1000,4,1000,71090,0.07109,71.09,1.4066676044450697E7,0,0.0,"random absent-key equality lookups"
"2026-07-16T04:14:58.548044059Z","index-only","HASH_INDEX","duplicate_key_search",1000,4,1000,107170,0.10717,107.17,9330969.487729775,0,0.0,"age-like duplicate keys in range 18..80"
"2026-07-16T04:14:58.549486342Z","index-only","HASH_INDEX","range_search",1000,4,200,1378444,1.378444,6892.22,145091.1317398458,0,0.0,"Hash Index rangeSearch is supported through full scan fallback"
"2026-07-16T04:14:58.549523542Z","index-only","HASH_INDEX","delete_existing_keys",1000,4,100,8850,0.00885,88.5,1.1299435028248588E7,0,0.0,"removes every tenth key, capped by lookup count"
"2026-07-16T04:14:58.549568082Z","index-only","HASH_INDEX","mixed_insert_search_delete",1000,4,1000,29870,0.02987,29.87,3.3478406427854035E7,0,0.0,"50% insert, 40% search, 10% delete pattern"
"2026-07-16T04:14:58.744182194Z","index-only","HASH_INDEX","memory_unique_index_after_insert",1000,4,1000,41200,0.0412,41.2,2.4271844660194177E7,95440,0.0910186767578125,"approximate JVM heap delta after building unique index"
"2026-07-16T04:14:58.744256433Z","index-only","RED_BLACK_TREE","sequential_unique_insert",1000,4,1000,57729,0.057729,57.729,1.7322316340141002E7,0,0.0,"unique keys inserted in ascending order"
"2026-07-16T04:14:58.744349583Z","index-only","RED_BLACK_TREE","random_unique_insert",1000,4,1000,75590,0.07559,75.59,1.3229263130043657E7,0,0.0,"unique keys inserted in shuffled order"
"2026-07-16T04:14:58.744493272Z","index-only","RED_BLACK_TREE","equality_search_hit",1000,4,1000,89729,0.089729,89.729,1.1144668947608912E7,0,0.0,"random existing-key equality lookups"
"2026-07-16T04:14:58.744587082Z","index-only","RED_BLACK_TREE","equality_search_miss",1000,4,1000,38400,0.0384,38.4,2.6041666666666668E7,0,0.0,"random absent-key equality lookups"
"2026-07-16T04:14:58.744808951Z","index-only","RED_BLACK_TREE","duplicate_key_search",1000,4,1000,171399,0.171399,171.399,5834339.756941406,0,0.0,"age-like duplicate keys in range 18..80"
"2026-07-16T04:14:58.745198159Z","index-only","RED_BLACK_TREE","range_search",1000,4,200,253039,0.253039,1265.195,790391.9949098756,0,0.0,"ordered range query workload"
"2026-07-16T04:14:58.745275339Z","index-only","RED_BLACK_TREE","delete_existing_keys",1000,4,100,20000,0.02,200.0,5000000.0,0,0.0,"removes every tenth key, capped by lookup count"
"2026-07-16T04:14:58.745379728Z","index-only","RED_BLACK_TREE","mixed_insert_search_delete",1000,4,1000,77619,0.077619,77.619,1.2883443486775145E7,0,0.0,"50% insert, 40% search, 10% delete pattern"
"2026-07-16T04:14:58.939696502Z","index-only","RED_BLACK_TREE","memory_unique_index_after_insert",1000,4,1000,60280,0.06028,60.28,1.6589250165892502E7,71232,0.06793212890625,"approximate JVM heap delta after building unique index"
"2026-07-16T04:14:58.940132120Z","index-only","BTREE","sequential_unique_insert",5000,4,5000,397728,0.397728,79.5456,1.2571405583715504E7,0,0.0,"unique keys inserted in ascending order"
"2026-07-16T04:14:58.941158516Z","index-only","BTREE","random_unique_insert",5000,4,5000,962706,0.962706,192.5412,5193693.609471635,0,0.0,"unique keys inserted in shuffled order"
"2026-07-16T04:14:58.941661464Z","index-only","BTREE","equality_search_hit",5000,4,1000,230479,0.230479,230.479,4338790.084996898,0,0.0,"random existing-key equality lookups"
"2026-07-16T04:14:58.941991552Z","index-only","BTREE","equality_search_miss",5000,4,1000,56519,0.056519,56.519,1.7693165130310163E7,0,0.0,"random absent-key equality lookups"
"2026-07-16T04:14:58.943759575Z","index-only","BTREE","duplicate_key_search",5000,4,1000,1504094,1.504094,1504.094,664852.0637672911,0,0.0,"age-like duplicate keys in range 18..80"
"2026-07-16T04:14:58.944931179Z","index-only","BTREE","range_search",5000,4,200,805946,0.805946,4029.73,248155.58362470934,0,0.0,"ordered range query workload"
"2026-07-16T04:14:58.945390157Z","index-only","BTREE","delete_existing_keys",5000,4,500,172899,0.172899,345.798,2891861.722739865,0,0.0,"removes every tenth key, capped by lookup count"
"2026-07-16T04:14:58.945646826Z","index-only","BTREE","mixed_insert_search_delete",5000,4,1000,111739,0.111739,111.739,8949426.789214151,0,0.0,"50% insert, 40% search, 10% delete pattern"
"2026-07-16T04:14:59.141862602Z","index-only","BTREE","memory_unique_index_after_insert",5000,4,5000,369998,0.369998,73.9996,1.351358655992735E7,237904,0.2268829345703125,"approximate JVM heap delta after building unique index"
"2026-07-16T04:14:59.143260545Z","index-only","SKIPLIST","sequential_unique_insert",5000,4,5000,1362375,1.362375,272.475,3670061.4735296816,0,0.0,"unique keys inserted in ascending order"
"2026-07-16T04:14:59.146869190Z","index-only","SKIPLIST","random_unique_insert",5000,4,5000,3536825,3.536825,707.365,1413697.3132682561,0,0.0,"unique keys inserted in shuffled order"
"2026-07-16T04:14:59.151259900Z","index-only","SKIPLIST","equality_search_hit",5000,4,1000,2629098,2.629098,2629.098,380358.5868613494,0,0.0,"random existing-key equality lookups"
"2026-07-16T04:14:59.153844979Z","index-only","SKIPLIST","equality_search_miss",5000,4,1000,128040,0.12804,128.04,7810059.356451109,0,0.0,"random absent-key equality lookups"
"2026-07-16T04:14:59.159580214Z","index-only","SKIPLIST","duplicate_key_search",5000,4,1000,5245837,5.245837,5245.837,190627.34888636458,0,0.0,"age-like duplicate keys in range 18..80"
"2026-07-16T04:14:59.164005484Z","index-only","SKIPLIST","range_search",5000,4,200,2383829,2.383829,11919.145,83898.63534674677,0,0.0,"ordered range query workload"
"2026-07-16T04:14:59.166106215Z","index-only","SKIPLIST","delete_existing_keys",5000,4,500,145359,0.145359,290.718,3439759.4920163187,0,0.0,"removes every tenth key, capped by lookup count"
"2026-07-16T04:14:59.167417739Z","index-only","SKIPLIST","mixed_insert_search_delete",5000,4,1000,371038,0.371038,371.038,2695141.737503975,0,0.0,"50% insert, 40% search, 10% delete pattern"
"2026-07-16T04:14:59.365631525Z","index-only","SKIPLIST","memory_unique_index_after_insert",5000,4,5000,1289164,1.289164,257.8328,3878482.489427257,1935232,1.8455810546875,"approximate JVM heap delta after building unique index"
"2026-07-16T04:14:59.365842014Z","index-only","HASH_INDEX","sequential_unique_insert",5000,4,5000,180029,0.180029,36.0058,2.77733031900416E7,0,0.0,"unique keys inserted in ascending order"
"2026-07-16T04:14:59.366294312Z","index-only","HASH_INDEX","random_unique_insert",5000,4,5000,309289,0.309289,61.8578,1.6166110013611862E7,0,0.0,"unique keys inserted in shuffled order"
"2026-07-16T04:14:59.366565281Z","index-only","HASH_INDEX","equality_search_hit",5000,4,1000,104310,0.10431,104.31,9586808.551433228,0,0.0,"random existing-key equality lookups"
"2026-07-16T04:14:59.366756870Z","index-only","HASH_INDEX","equality_search_miss",5000,4,1000,24160,0.02416,24.16,4.139072847682119E7,0,0.0,"random absent-key equality lookups"
"2026-07-16T04:14:59.368029904Z","index-only","HASH_INDEX","duplicate_key_search",5000,4,1000,1169315,1.169315,1169.315,855201.5496252079,0,0.0,"age-like duplicate keys in range 18..80"
"2026-07-16T04:14:59.374716065Z","index-only","HASH_INDEX","range_search",5000,4,200,6455242,6.455242,32276.21,30982.571993427977,0,0.0,"Hash Index rangeSearch is supported through full scan fallback"
"2026-07-16T04:14:59.375324942Z","index-only","HASH_INDEX","delete_existing_keys",5000,4,500,53430,0.05343,106.86,9358038.555118848,0,0.0,"removes every tenth key, capped by lookup count"
"2026-07-16T04:14:59.375450462Z","index-only","HASH_INDEX","mixed_insert_search_delete",5000,4,1000,41850,0.04185,41.85,2.3894862604540024E7,0,0.0,"50% insert, 40% search, 10% delete pattern"
"2026-07-16T04:14:59.570610021Z","index-only","HASH_INDEX","memory_unique_index_after_insert",5000,4,5000,176550,0.17655,35.31,2.832058906825262E7,488016,0.4654083251953125,"approximate JVM heap delta after building unique index"
"2026-07-16T04:14:59.570969339Z","index-only","RED_BLACK_TREE","sequential_unique_insert",5000,4,5000,328998,0.328998,65.7996,1.519766077605335E7,0,0.0,"unique keys inserted in ascending order"
"2026-07-16T04:14:59.571688176Z","index-only","RED_BLACK_TREE","random_unique_insert",5000,4,5000,656757,0.656757,131.3514,7613165.90458876,0,0.0,"unique keys inserted in shuffled order"
"2026-07-16T04:14:59.572158364Z","index-only","RED_BLACK_TREE","equality_search_hit",5000,4,1000,212259,0.212259,212.259,4711225.436848379,0,0.0,"random existing-key equality lookups"
"2026-07-16T04:14:59.572453873Z","index-only","RED_BLACK_TREE","equality_search_miss",5000,4,1000,45750,0.04575,45.75,2.185792349726776E7,0,0.0,"random absent-key equality lookups"
"2026-07-16T04:14:59.573390729Z","index-only","RED_BLACK_TREE","duplicate_key_search",5000,4,1000,771397,0.771397,771.397,1296349.350593793,0,0.0,"age-like duplicate keys in range 18..80"
"2026-07-16T04:14:59.575113011Z","index-only","RED_BLACK_TREE","range_search",5000,4,200,1461143,1.461143,7305.715,136879.14187728375,0,0.0,"ordered range query workload"
"2026-07-16T04:14:59.575563009Z","index-only","RED_BLACK_TREE","delete_existing_keys",5000,4,500,157329,0.157329,314.658,3178053.632833108,0,0.0,"removes every tenth key, capped by lookup count"
"2026-07-16T04:14:59.575781608Z","index-only","RED_BLACK_TREE","mixed_insert_search_delete",5000,4,1000,85269,0.085269,85.269,1.1727591504532713E7,0,0.0,"50% insert, 40% search, 10% delete pattern"
"2026-07-16T04:14:59.771546965Z","index-only","RED_BLACK_TREE","memory_unique_index_after_insert",5000,4,5000,330118,0.330118,66.0236,1.5146099273593077E7,375232,0.35784912109375,"approximate JVM heap delta after building unique index"
"2026-07-16T04:14:59.772318802Z","index-only","BTREE","sequential_unique_insert",10000,4,10000,716117,0.716117,71.6117,1.3964198587660955E7,0,0.0,"unique keys inserted in ascending order"
"2026-07-16T04:14:59.774428103Z","index-only","BTREE","random_unique_insert",10000,4,10000,2021202,2.021202,202.1202,4947551.011724706,0,0.0,"unique keys inserted in shuffled order"
"2026-07-16T04:14:59.775326009Z","index-only","BTREE","equality_search_hit",10000,4,1000,335399,0.335399,335.399,2981523.4988774564,0,0.0,"random existing-key equality lookups"
"2026-07-16T04:14:59.775947826Z","index-only","BTREE","equality_search_miss",10000,4,1000,58520,0.05852,58.52,1.7088174982911825E7,0,0.0,"random absent-key equality lookups"
"2026-07-16T04:14:59.780315077Z","index-only","BTREE","duplicate_key_search",10000,4,1000,3776734,3.776734,3776.734,264779.0392439605,0,0.0,"age-like duplicate keys in range 18..80"
"2026-07-16T04:14:59.784058340Z","index-only","BTREE","range_search",10000,4,200,2413799,2.413799,12068.995,82856.94044947404,0,0.0,"ordered range query workload"
"2026-07-16T04:14:59.785225415Z","index-only","BTREE","delete_existing_keys",10000,4,1000,270039,0.270039,270.039,3703168.8015434803,0,0.0,"removes every tenth key, capped by lookup count"
"2026-07-16T04:14:59.785801752Z","index-only","BTREE","mixed_insert_search_delete",10000,4,1000,148639,0.148639,148.639,6727709.416774871,0,0.0,"50% insert, 40% search, 10% delete pattern"
"2026-07-16T04:14:59.983338541Z","index-only","BTREE","memory_unique_index_after_insert",10000,4,10000,742207,0.742207,74.2207,1.3473330216502942E7,486664,0.46411895751953125,"approximate JVM heap delta after building unique index"
"2026-07-16T04:14:59.985652281Z","index-only","SKIPLIST","sequential_unique_insert",10000,4,10000,2265220,2.26522,226.522,4414582.248081864,0,0.0,"unique keys inserted in ascending order"
"2026-07-16T04:14:59.991803124Z","index-only","SKIPLIST","random_unique_insert",10000,4,10000,6049363,6.049363,604.9363,1653066.6121375093,0,0.0,"unique keys inserted in shuffled order"
"2026-07-16T04:14:59.995876926Z","index-only","SKIPLIST","equality_search_hit",10000,4,1000,586687,0.586687,586.687,1704486.3785971054,0,0.0,"random existing-key equality lookups"
"2026-07-16T04:15:00.000600485Z","index-only","SKIPLIST","equality_search_miss",10000,4,1000,131609,0.131609,131.609,7598264.556375324,0,0.0,"random absent-key equality lookups"
"2026-07-16T04:15:00.012681402Z","index-only","SKIPLIST","duplicate_key_search",10000,4,1000,11124601,11.124601,11124.601,89890.86440044007,0,0.0,"age-like duplicate keys in range 18..80"
"2026-07-16T04:15:00.020935265Z","index-only","SKIPLIST","range_search",10000,4,200,4359540,4.35954,21797.7,45876.39980364901,0,0.0,"ordered range query workload"
"2026-07-16T04:15:00.025353626Z","index-only","SKIPLIST","delete_existing_keys",10000,4,1000,306719,0.306719,306.719,3260313.1856846167,0,0.0,"removes every tenth key, capped by lookup count"
"2026-07-16T04:15:00.027669246Z","index-only","SKIPLIST","mixed_insert_search_delete",10000,4,1000,376179,0.376179,376.179,2658308.9433487784,0,0.0,"50% insert, 40% search, 10% delete pattern"
"2026-07-16T04:15:00.226968878Z","index-only","SKIPLIST","memory_unique_index_after_insert",10000,4,10000,3291786,3.291786,329.1786,3037864.551340822,3880592,3.7008209228515625,"approximate JVM heap delta after building unique index"
"2026-07-16T04:15:00.227367426Z","index-only","HASH_INDEX","sequential_unique_insert",10000,4,10000,353618,0.353618,35.3618,2.827910343930456E7,0,0.0,"unique keys inserted in ascending order"
"2026-07-16T04:15:00.228396832Z","index-only","HASH_INDEX","random_unique_insert",10000,4,10000,915676,0.915676,91.5676,1.0920893416448612E7,0,0.0,"unique keys inserted in shuffled order"
"2026-07-16T04:15:00.229260428Z","index-only","HASH_INDEX","equality_search_hit",10000,4,1000,517488,0.517488,517.488,1932411.959311134,0,0.0,"random existing-key equality lookups"
"2026-07-16T04:15:00.229665526Z","index-only","HASH_INDEX","equality_search_miss",10000,4,1000,21370,0.02137,21.37,4.6794571829667754E7,0,0.0,"random absent-key equality lookups"
"2026-07-16T04:15:00.231370439Z","index-only","HASH_INDEX","duplicate_key_search",10000,4,1000,1558793,1.558793,1558.793,641521.9981100762,0,0.0,"age-like duplicate keys in range 18..80"
"2026-07-16T04:15:00.245013769Z","index-only","HASH_INDEX","range_search",10000,4,200,13155002,13.155002,65775.01,15203.342424425324,0,0.0,"Hash Index rangeSearch is supported through full scan fallback"
"2026-07-16T04:15:00.245333597Z","index-only","HASH_INDEX","delete_existing_keys",10000,4,1000,72610,0.07261,72.61,1.3772207684891889E7,0,0.0,"removes every tenth key, capped by lookup count"
"2026-07-16T04:15:00.245478437Z","index-only","HASH_INDEX","mixed_insert_search_delete",10000,4,1000,30270,0.03027,30.27,3.303600925008259E7,0,0.0,"50% insert, 40% search, 10% delete pattern"
"2026-07-16T04:15:00.441187093Z","index-only","HASH_INDEX","memory_unique_index_after_insert",10000,4,10000,363498,0.363498,36.3498,2.7510467732972395E7,980784,0.9353485107421875,"approximate JVM heap delta after building unique index"
"2026-07-16T04:15:00.441960670Z","index-only","RED_BLACK_TREE","sequential_unique_insert",10000,4,10000,729837,0.729837,72.9837,1.3701689555339068E7,0,0.0,"unique keys inserted in ascending order"
"2026-07-16T04:15:00.443901821Z","index-only","RED_BLACK_TREE","random_unique_insert",10000,4,10000,1832122,1.832122,183.2122,5458151.804301241,0,0.0,"unique keys inserted in shuffled order"
"2026-07-16T04:15:00.444764878Z","index-only","RED_BLACK_TREE","equality_search_hit",10000,4,1000,345069,0.345069,345.069,2897971.130411599,0,0.0,"random existing-key equality lookups"
"2026-07-16T04:15:00.445330325Z","index-only","RED_BLACK_TREE","equality_search_miss",10000,4,1000,48890,0.04889,48.89,2.045408058907752E7,0,0.0,"random absent-key equality lookups"
"2026-07-16T04:15:00.448169623Z","index-only","RED_BLACK_TREE","duplicate_key_search",10000,4,1000,2503529,2.503529,2503.529,399436.15592230007,0,0.0,"age-like duplicate keys in range 18..80"
"2026-07-16T04:15:00.451617587Z","index-only","RED_BLACK_TREE","range_search",10000,4,200,2282939,2.282939,11414.695,87606.37056005439,0,0.0,"ordered range query workload"
"2026-07-16T04:15:00.452284434Z","index-only","RED_BLACK_TREE","delete_existing_keys",10000,4,1000,140969,0.140969,140.969,7093758.20215792,0,0.0,"removes every tenth key, capped by lookup count"
"2026-07-16T04:15:00.452590143Z","index-only","RED_BLACK_TREE","mixed_insert_search_delete",10000,4,1000,68860,0.06886,68.86,1.4522218995062444E7,0,0.0,"50% insert, 40% search, 10% delete pattern"
"2026-07-16T04:15:00.649319765Z","index-only","RED_BLACK_TREE","memory_unique_index_after_insert",10000,4,10000,684697,0.684697,68.4697,1.4605000460057516E7,755232,0.720245361328125,"approximate JVM heap delta after building unique index"
"2026-07-16T04:15:00.652937069Z","index-only","BTREE","sequential_unique_insert",50000,4,50000,3469874,3.469874,69.39748,1.4409745137719698E7,0,0.0,"unique keys inserted in ascending order"
"2026-07-16T04:15:00.669352337Z","index-only","BTREE","random_unique_insert",50000,4,50000,15857880,15.85788,317.1576,3153006.5809553354,0,0.0,"unique keys inserted in shuffled order"
"2026-07-16T04:15:00.674824753Z","index-only","BTREE","equality_search_hit",50000,4,1000,348418,0.348418,348.418,2870115.780470584,0,0.0,"random existing-key equality lookups"
"2026-07-16T04:15:00.679726171Z","index-only","BTREE","equality_search_miss",50000,4,1000,75679,0.075679,75.679,1.321370525509058E7,0,0.0,"random absent-key equality lookups"
"2026-07-16T04:15:00.704113574Z","index-only","BTREE","duplicate_key_search",50000,4,1000,19418435,19.418435,19418.435,51497.45589693505,0,0.0,"age-like duplicate keys in range 18..80"
"2026-07-16T04:15:00.720172413Z","index-only","BTREE","range_search",50000,4,200,11335400,11.3354,56677.0,17643.84141715334,0,0.0,"ordered range query workload"
"2026-07-16T04:15:00.725779908Z","index-only","BTREE","delete_existing_keys",50000,4,1000,734557,0.734557,734.557,1361364.740925483,0,0.0,"removes every tenth key, capped by lookup count"
"2026-07-16T04:15:00.728255737Z","index-only","BTREE","mixed_insert_search_delete",50000,4,1000,176149,0.176149,176.149,5677012.075004683,0,0.0,"50% insert, 40% search, 10% delete pattern"
"2026-07-16T04:15:00.936263321Z","index-only","BTREE","memory_unique_index_after_insert",50000,4,50000,4572289,4.572289,91.44578,1.0935441744824091E7,2432632,2.3199386596679688,"approximate JVM heap delta after building unique index"
"2026-07-16T04:15:00.960505234Z","index-only","SKIPLIST","sequential_unique_insert",50000,4,50000,24086014,24.086014,481.72028,2075893.5040061008,0,0.0,"unique keys inserted in ascending order"
"2026-07-16T04:15:00.999839861Z","index-only","SKIPLIST","random_unique_insert",50000,4,50000,38564600,38.5646,771.292,1296525.829387573,0,0.0,"unique keys inserted in shuffled order"
"2026-07-16T04:15:01.025654557Z","index-only","SKIPLIST","equality_search_hit",50000,4,1000,900196,0.900196,900.196,1110869.1884878404,0,0.0,"random existing-key equality lookups"
"2026-07-16T04:15:01.051318774Z","index-only","SKIPLIST","equality_search_miss",50000,4,1000,121190,0.12119,121.19,8251505.8998267185,0,0.0,"random absent-key equality lookups"
"2026-07-16T04:15:01.100288478Z","index-only","SKIPLIST","duplicate_key_search",50000,4,1000,44323345,44.323345,44323.345,22561.474094520618,0,0.0,"age-like duplicate keys in range 18..80"
"2026-07-16T04:15:01.127307999Z","index-only","SKIPLIST","range_search",50000,4,200,15600831,15.600831,78004.155,12819.829918034493,0,0.0,"ordered range query workload"
"2026-07-16T04:15:01.140088923Z","index-only","SKIPLIST","delete_existing_keys",50000,4,1000,459938,0.459938,459.938,2174206.0886467304,0,0.0,"removes every tenth key, capped by lookup count"
"2026-07-16T04:15:01.145674668Z","index-only","SKIPLIST","mixed_insert_search_delete",50000,4,1000,268299,0.268299,268.299,3727184.969008457,0,0.0,"50% insert, 40% search, 10% delete pattern"
"2026-07-16T04:15:01.383566370Z","index-only","SKIPLIST","memory_unique_index_after_insert",50000,4,50000,21332386,21.332386,426.64772,2343854.081770319,19397912,18.499290466308594,"approximate JVM heap delta after building unique index"
"2026-07-16T04:15:01.385294382Z","index-only","HASH_INDEX","sequential_unique_insert",50000,4,50000,1582023,1.582023,31.64046,3.160510308636474E7,0,0.0,"unique keys inserted in ascending order"
"2026-07-16T04:15:01.390904538Z","index-only","HASH_INDEX","random_unique_insert",50000,4,50000,4936359,4.936359,98.72718,1.0128922957183624E7,0,0.0,"unique keys inserted in shuffled order"
"2026-07-16T04:15:01.396119425Z","index-only","HASH_INDEX","equality_search_hit",50000,4,1000,103920,0.10392,103.92,9622786.75904542,0,0.0,"random existing-key equality lookups"
"2026-07-16T04:15:01.402136518Z","index-only","HASH_INDEX","equality_search_miss",50000,4,1000,39700,0.0397,39.7,2.5188916876574304E7,0,0.0,"random absent-key equality lookups"
"2026-07-16T04:15:01.414810622Z","index-only","HASH_INDEX","duplicate_key_search",50000,4,1000,11549839,11.549839,11549.839,86581.29347084406,0,0.0,"age-like duplicate keys in range 18..80"
"2026-07-16T04:15:01.479867795Z","index-only","HASH_INDEX","range_search",50000,4,200,61328199,61.328199,306640.995,3261.1425618417393,0,0.0,"Hash Index rangeSearch is supported through full scan fallback"
"2026-07-16T04:15:01.483807428Z","index-only","HASH_INDEX","delete_existing_keys",50000,4,1000,87510,0.08751,87.51,1.142726545537653E7,0,0.0,"removes every tenth key, capped by lookup count"
"2026-07-16T04:15:01.485694120Z","index-only","HASH_INDEX","mixed_insert_search_delete",50000,4,1000,67460,0.06746,67.46,1.4823599169878447E7,0,0.0,"50% insert, 40% search, 10% delete pattern"
"2026-07-16T04:15:01.688770334Z","index-only","HASH_INDEX","memory_unique_index_after_insert",50000,4,50000,2578769,2.578769,51.57538,1.9389096115239482E7,5119536,4.8823699951171875,"approximate JVM heap delta after building unique index"
"2026-07-16T04:15:01.692889076Z","index-only","RED_BLACK_TREE","sequential_unique_insert",50000,4,50000,3972593,3.972593,79.45186,1.2586237754534632E7,0,0.0,"unique keys inserted in ascending order"
"2026-07-16T04:15:01.703748248Z","index-only","RED_BLACK_TREE","random_unique_insert",50000,4,50000,10433654,10.433654,208.67308,4792184.98140728,0,0.0,"unique keys inserted in shuffled order"
"2026-07-16T04:15:01.710379519Z","index-only","RED_BLACK_TREE","equality_search_hit",50000,4,1000,441198,0.441198,441.198,2266556.0587310004,0,0.0,"random existing-key equality lookups"
"2026-07-16T04:15:01.715358397Z","index-only","RED_BLACK_TREE","equality_search_miss",50000,4,1000,67860,0.06786,67.86,1.4736221632773357E7,0,0.0,"random absent-key equality lookups"
"2026-07-16T04:15:01.737760878Z","index-only","RED_BLACK_TREE","duplicate_key_search",50000,4,1000,19348884,19.348884,19348.884,51682.567325329976,0,0.0,"age-like duplicate keys in range 18..80"
"2026-07-16T04:15:01.756760525Z","index-only","RED_BLACK_TREE","range_search",50000,4,200,14073438,14.073438,70367.19,14211.168585813928,0,0.0,"ordered range query workload"
"2026-07-16T04:15:01.764343141Z","index-only","RED_BLACK_TREE","delete_existing_keys",50000,4,1000,164379,0.164379,164.379,6083502.15051801,0,0.0,"removes every tenth key, capped by lookup count"
"2026-07-16T04:15:01.766257733Z","index-only","RED_BLACK_TREE","mixed_insert_search_delete",50000,4,1000,91830,0.09183,91.83,1.0889687465969728E7,0,0.0,"50% insert, 40% search, 10% delete pattern"
"2026-07-16T04:15:01.977283233Z","index-only","RED_BLACK_TREE","memory_unique_index_after_insert",50000,4,50000,4786659,4.786659,95.73318,1.0445699181830166E7,3795232,3.619415283203125,"approximate JVM heap delta after building unique index"
"2026-07-16T04:15:01.988327775Z","index-only","BTREE","sequential_unique_insert",100000,4,100000,10745673,10.745673,107.45673,9306071.383337274,0,0.0,"unique keys inserted in ascending order"
"2026-07-16T04:15:02.021493968Z","index-only","BTREE","random_unique_insert",100000,4,100000,30342076,30.342076,303.42076,3295753.3953840206,0,0.0,"unique keys inserted in shuffled order"
"2026-07-16T04:15:02.031930932Z","index-only","BTREE","equality_search_hit",100000,4,1000,469658,0.469658,469.658,2129208.913720196,0,0.0,"random existing-key equality lookups"
"2026-07-16T04:15:02.041980568Z","index-only","BTREE","equality_search_miss",100000,4,1000,79950,0.07995,79.95,1.2507817385866165E7,0,0.0,"random absent-key equality lookups"
"2026-07-16T04:15:02.088218324Z","index-only","BTREE","duplicate_key_search",100000,4,1000,33986450,33.98645,33986.45,29423.490832375843,0,0.0,"age-like duplicate keys in range 18..80"
"2026-07-16T04:15:02.107195431Z","index-only","BTREE","range_search",100000,4,200,8928611,8.928611,44643.055,22399.900723639996,0,0.0,"ordered range query workload"
"2026-07-16T04:15:02.113757872Z","index-only","BTREE","delete_existing_keys",100000,4,1000,229599,0.229599,229.599,4355419.666461961,0,0.0,"removes every tenth key, capped by lookup count"
"2026-07-16T04:15:02.116886538Z","index-only","BTREE","mixed_insert_search_delete",100000,4,1000,154809,0.154809,154.809,6459572.763857398,0,0.0,"50% insert, 40% search, 10% delete pattern"
"2026-07-16T04:15:02.336742989Z","index-only","BTREE","memory_unique_index_after_insert",100000,4,100000,8237464,8.237464,82.37464,1.2139658516261801E7,4868424,4.642890930175781,"approximate JVM heap delta after building unique index"
"2026-07-16T04:15:02.382236419Z","index-only","SKIPLIST","sequential_unique_insert",100000,4,100000,45204271,45.204271,452.04271,2212180.349064804,0,0.0,"unique keys inserted in ascending order"
"2026-07-16T04:15:02.468160400Z","index-only","SKIPLIST","random_unique_insert",100000,4,100000,84384778,84.384778,843.84778,1185047.8530618402,0,0.0,"unique keys inserted in shuffled order"
"2026-07-16T04:15:02.518885696Z","index-only","SKIPLIST","equality_search_hit",100000,4,1000,1086595,1.086595,1086.595,920306.0938068001,0,0.0,"random existing-key equality lookups"
"2026-07-16T04:15:02.550517537Z","index-only","SKIPLIST","equality_search_miss",100000,4,1000,131839,0.131839,131.839,7585008.9882356515,0,0.0,"random absent-key equality lookups"
"2026-07-16T04:15:02.654552738Z","index-only","SKIPLIST","duplicate_key_search",100000,4,1000,97544871,97.544871,97544.871,10251.692269909301,0,0.0,"age-like duplicate keys in range 18..80"
"2026-07-16T04:15:02.729853236Z","index-only","SKIPLIST","range_search",100000,4,200,24799550,24.79955,123997.75,8064.662463633413,0,0.0,"ordered range query workload"
"2026-07-16T04:15:02.754312839Z","index-only","SKIPLIST","delete_existing_keys",100000,4,1000,645157,0.645157,645.157,1550010.3075685452,0,0.0,"removes every tenth key, capped by lookup count"
"2026-07-16T04:15:02.780574603Z","index-only","SKIPLIST","mixed_insert_search_delete",100000,4,1000,326608,0.326608,326.608,3061774.3594768043,0,0.0,"50% insert, 40% search, 10% delete pattern"
"2026-07-16T04:15:03.024609267Z","index-only","SKIPLIST","memory_unique_index_after_insert",100000,4,100000,32088838,32.088838,320.88838,3116348.432436226,38797912,37.000572204589844,"approximate JVM heap delta after building unique index"
"2026-07-16T04:15:03.028207781Z","index-only","HASH_INDEX","sequential_unique_insert",100000,4,100000,3306615,3.306615,33.06615,3.0242408021496303E7,0,0.0,"unique keys inserted in ascending order"
"2026-07-16T04:15:03.034943951Z","index-only","HASH_INDEX","random_unique_insert",100000,4,100000,5362026,5.362026,53.62026,1.864966712209154E7,0,0.0,"unique keys inserted in shuffled order"
"2026-07-16T04:15:03.043038646Z","index-only","HASH_INDEX","equality_search_hit",100000,4,1000,84050,0.08405,84.05,1.189767995240928E7,0,0.0,"random existing-key equality lookups"
"2026-07-16T04:15:03.047457136Z","index-only","HASH_INDEX","equality_search_miss",100000,4,1000,24649,0.024649,24.649,4.056959714390036E7,0,0.0,"random absent-key equality lookups"
"2026-07-16T04:15:03.062444400Z","index-only","HASH_INDEX","duplicate_key_search",100000,4,1000,12945893,12.945893,12945.893,77244.57478522339,0,0.0,"age-like duplicate keys in range 18..80"
"2026-07-16T04:15:03.191200643Z","index-only","HASH_INDEX","range_search",100000,4,200,124100283,124.100283,620501.415,1611.599870404808,0,0.0,"Hash Index rangeSearch is supported through full scan fallback"
"2026-07-16T04:15:03.195553684Z","index-only","HASH_INDEX","delete_existing_keys",100000,4,1000,71920,0.07192,71.92,1.3904338153503893E7,0,0.0,"removes every tenth key, capped by lookup count"
"2026-07-16T04:15:03.197802064Z","index-only","HASH_INDEX","mixed_insert_search_delete",100000,4,1000,73120,0.07312,73.12,1.3676148796498906E7,0,0.0,"50% insert, 40% search, 10% delete pattern"
"2026-07-16T04:15:03.425685709Z","index-only","HASH_INDEX","memory_unique_index_after_insert",100000,4,100000,6654880,6.65488,66.5488,1.5026566970403673E7,10249184,9.774383544921875,"approximate JVM heap delta after building unique index"
"2026-07-16T04:15:03.437039679Z","index-only","RED_BLACK_TREE","sequential_unique_insert",100000,4,100000,11024041,11.024041,110.24041,9071083.824887807,0,0.0,"unique keys inserted in ascending order"
"2026-07-16T04:15:03.466254201Z","index-only","RED_BLACK_TREE","random_unique_insert",100000,4,100000,28082597,28.082597,280.82597,3560924.2264880273,0,0.0,"unique keys inserted in shuffled order"
"2026-07-16T04:15:03.476528805Z","index-only","RED_BLACK_TREE","equality_search_hit",100000,4,1000,469918,0.469918,469.918,2128030.847935172,0,0.0,"random existing-key equality lookups"
"2026-07-16T04:15:03.486427992Z","index-only","RED_BLACK_TREE","equality_search_miss",100000,4,1000,79790,0.07979,79.79,1.2532898859506205E7,0,0.0,"random absent-key equality lookups"
"2026-07-16T04:15:03.517145236Z","index-only","RED_BLACK_TREE","duplicate_key_search",100000,4,1000,24457432,24.457432,24457.432,40887.36707925836,0,0.0,"age-like duplicate keys in range 18..80"
"2026-07-16T04:15:03.548725817Z","index-only","RED_BLACK_TREE","range_search",100000,4,200,22747559,22.747559,113737.795,8792.152160150457,0,0.0,"ordered range query workload"
"2026-07-16T04:15:03.559228351Z","index-only","RED_BLACK_TREE","delete_existing_keys",100000,4,1000,194659,0.194659,194.659,5137188.62215464,0,0.0,"removes every tenth key, capped by lookup count"
"2026-07-16T04:15:03.564554847Z","index-only","RED_BLACK_TREE","mixed_insert_search_delete",100000,4,1000,144369,0.144369,144.369,6926694.789047509,0,0.0,"50% insert, 40% search, 10% delete pattern"
"2026-07-16T04:15:03.781164463Z","index-only","RED_BLACK_TREE","memory_unique_index_after_insert",100000,4,100000,8482393,8.482393,84.82393,1.1789126016679492E7,7744088,7.385337829589844,"approximate JVM heap delta after building unique index"
"2026-07-16T04:15:03.781273763Z","index-only","BTREE","sequential_unique_insert",1000,5,1000,69240,0.06924,69.24,1.4442518775274409E7,0,0.0,"unique keys inserted in ascending order"
"2026-07-16T04:15:03.781438752Z","index-only","BTREE","random_unique_insert",1000,5,1000,139890,0.13989,139.89,7148473.80084352,0,0.0,"unique keys inserted in shuffled order"
"2026-07-16T04:15:03.781662311Z","index-only","BTREE","equality_search_hit",1000,5,1000,153059,0.153059,153.059,6533428.28582442,0,0.0,"random existing-key equality lookups"
"2026-07-16T04:15:03.781796670Z","index-only","BTREE","equality_search_miss",1000,5,1000,64549,0.064549,64.549,1.5492106771599872E7,0,0.0,"random absent-key equality lookups"
"2026-07-16T04:15:03.782204039Z","index-only","BTREE","duplicate_key_search",1000,5,1000,256719,0.256719,256.719,3895309.6576412343,0,0.0,"age-like duplicate keys in range 18..80"
"2026-07-16T04:15:03.782448917Z","index-only","BTREE","range_search",1000,5,200,150929,0.150929,754.645,1325126.3839288673,0,0.0,"ordered range query workload"
"2026-07-16T04:15:03.782557787Z","index-only","BTREE","delete_existing_keys",1000,5,100,50110,0.05011,501.1,1995609.6587507483,0,0.0,"removes every tenth key, capped by lookup count"
"2026-07-16T04:15:03.782684246Z","index-only","BTREE","mixed_insert_search_delete",1000,5,1000,96639,0.096639,96.639,1.0347789194838524E7,0,0.0,"50% insert, 40% search, 10% delete pattern"
"2026-07-16T04:15:03.977646588Z","index-only","BTREE","memory_unique_index_after_insert",1000,5,1000,69769,0.069769,69.769,1.433301322937121E7,43352,0.04134368896484375,"approximate JVM heap delta after building unique index"
"2026-07-16T04:15:03.977913736Z","index-only","SKIPLIST","sequential_unique_insert",1000,5,1000,242159,0.242159,242.159,4129518.2091105427,0,0.0,"unique keys inserted in ascending order"
"2026-07-16T04:15:03.978316645Z","index-only","SKIPLIST","random_unique_insert",1000,5,1000,377579,0.377579,377.579,2648452.3768535857,0,0.0,"unique keys inserted in shuffled order"
"2026-07-16T04:15:03.978876122Z","index-only","SKIPLIST","equality_search_hit",1000,5,1000,340768,0.340768,340.768,2934547.844868063,0,0.0,"random existing-key equality lookups"
"2026-07-16T04:15:03.979171071Z","index-only","SKIPLIST","equality_search_miss",1000,5,1000,98850,0.09885,98.85,1.0116337885685382E7,0,0.0,"random absent-key equality lookups"
"2026-07-16T04:15:03.980259586Z","index-only","SKIPLIST","duplicate_key_search",1000,5,1000,1001616,1.001616,1001.616,998386.6072426958,0,0.0,"age-like duplicate keys in range 18..80"
"2026-07-16T04:15:03.980973023Z","index-only","SKIPLIST","range_search",1000,5,200,434768,0.434768,2173.84,460015.45651933906,0,0.0,"ordered range query workload"
"2026-07-16T04:15:03.981255152Z","index-only","SKIPLIST","delete_existing_keys",1000,5,100,71810,0.07181,718.1,1392563.7097897227,0,0.0,"removes every tenth key, capped by lookup count"
"2026-07-16T04:15:03.981622140Z","index-only","SKIPLIST","mixed_insert_search_delete",1000,5,1000,262339,0.262339,262.339,3811861.7513980004,0,0.0,"50% insert, 40% search, 10% delete pattern"
"2026-07-16T04:15:04.177224067Z","index-only","SKIPLIST","memory_unique_index_after_insert",1000,5,1000,252149,0.252149,252.149,3965909.0458419425,383232,0.365478515625,"approximate JVM heap delta after building unique index"
"2026-07-16T04:15:04.177281717Z","index-only","HASH_INDEX","sequential_unique_insert",1000,5,1000,39710,0.03971,39.71,2.5182573659027953E7,0,0.0,"unique keys inserted in ascending order"
"2026-07-16T04:15:04.177349727Z","index-only","HASH_INDEX","random_unique_insert",1000,5,1000,44790,0.04479,44.79,2.2326412145568207E7,0,0.0,"unique keys inserted in shuffled order"
"2026-07-16T04:15:04.177450116Z","index-only","HASH_INDEX","equality_search_hit",1000,5,1000,53380,0.05338,53.38,1.8733608092918698E7,0,0.0,"random existing-key equality lookups"
"2026-07-16T04:15:04.177520116Z","index-only","HASH_INDEX","equality_search_miss",1000,5,1000,24880,0.02488,24.88,4.019292604501608E7,0,0.0,"random absent-key equality lookups"
"2026-07-16T04:15:04.177657755Z","index-only","HASH_INDEX","duplicate_key_search",1000,5,1000,102109,0.102109,102.109,9793456.01269232,0,0.0,"age-like duplicate keys in range 18..80"
"2026-07-16T04:15:04.179018029Z","index-only","HASH_INDEX","range_search",1000,5,200,1298664,1.298664,6493.32,154004.42300702876,0,0.0,"Hash Index rangeSearch is supported through full scan fallback"
"2026-07-16T04:15:04.179054799Z","index-only","HASH_INDEX","delete_existing_keys",1000,5,100,8800,0.0088,88.0,1.1363636363636363E7,0,0.0,"removes every tenth key, capped by lookup count"
"2026-07-16T04:15:04.179099779Z","index-only","HASH_INDEX","mixed_insert_search_delete",1000,5,1000,29880,0.02988,29.88,3.3467202141900938E7,0,0.0,"50% insert, 40% search, 10% delete pattern"
"2026-07-16T04:15:04.373444802Z","index-only","HASH_INDEX","memory_unique_index_after_insert",1000,5,1000,40030,0.04003,40.03,2.4981264051961027E7,95440,0.0910186767578125,"approximate JVM heap delta after building unique index"
"2026-07-16T04:15:04.373522162Z","index-only","RED_BLACK_TREE","sequential_unique_insert",1000,5,1000,60990,0.06099,60.99,1.6396130513198886E7,0,0.0,"unique keys inserted in ascending order"
"2026-07-16T04:15:04.373641731Z","index-only","RED_BLACK_TREE","random_unique_insert",1000,5,1000,97839,0.097839,97.839,1.0220873066977382E7,0,0.0,"unique keys inserted in shuffled order"
"2026-07-16T04:15:04.373937530Z","index-only","RED_BLACK_TREE","equality_search_hit",1000,5,1000,225779,0.225779,225.779,4429109.881787057,0,0.0,"random existing-key equality lookups"
"2026-07-16T04:15:04.374062579Z","index-only","RED_BLACK_TREE","equality_search_miss",1000,5,1000,49999,0.049999,49.999,2.000040000800016E7,0,0.0,"random absent-key equality lookups"
"2026-07-16T04:15:04.374353508Z","index-only","RED_BLACK_TREE","duplicate_key_search",1000,5,1000,223799,0.223799,223.799,4468295.211328022,0,0.0,"age-like duplicate keys in range 18..80"
"2026-07-16T04:15:04.374635937Z","index-only","RED_BLACK_TREE","range_search",1000,5,200,199529,0.199529,997.645,1002360.5591167199,0,0.0,"ordered range query workload"
"2026-07-16T04:15:04.374698717Z","index-only","RED_BLACK_TREE","delete_existing_keys",1000,5,100,16630,0.01663,166.3,6013229.104028864,0,0.0,"removes every tenth key, capped by lookup count"
"2026-07-16T04:15:04.374781216Z","index-only","RED_BLACK_TREE","mixed_insert_search_delete",1000,5,1000,61750,0.06175,61.75,1.619433198380567E7,0,0.0,"50% insert, 40% search, 10% delete pattern"
"2026-07-16T04:15:04.569630867Z","index-only","RED_BLACK_TREE","memory_unique_index_after_insert",1000,5,1000,60260,0.06026,60.26,1.659475605708596E7,71232,0.06793212890625,"approximate JVM heap delta after building unique index"
"2026-07-16T04:15:04.570060216Z","index-only","BTREE","sequential_unique_insert",5000,5,5000,391059,0.391059,78.2118,1.2785794470911039E7,0,0.0,"unique keys inserted in ascending order"
"2026-07-16T04:15:04.571012421Z","index-only","BTREE","random_unique_insert",5000,5,5000,890096,0.890096,178.0192,5617371.609354496,0,0.0,"unique keys inserted in shuffled order"
"2026-07-16T04:15:04.571518659Z","index-only","BTREE","equality_search_hit",5000,5,1000,232689,0.232689,232.689,4297581.750748853,0,0.0,"random existing-key equality lookups"
"2026-07-16T04:15:04.571851768Z","index-only","BTREE","equality_search_miss",5000,5,1000,63240,0.06324,63.24,1.5812776723592663E7,0,0.0,"random absent-key equality lookups"
"2026-07-16T04:15:04.573948518Z","index-only","BTREE","duplicate_key_search",5000,5,1000,1833902,1.833902,1833.902,545285.4078353151,0,0.0,"age-like duplicate keys in range 18..80"
"2026-07-16T04:15:04.575269093Z","index-only","BTREE","range_search",5000,5,200,921766,0.921766,4608.83,216974.80705515284,0,0.0,"ordered range query workload"
"2026-07-16T04:15:04.575799330Z","index-only","BTREE","delete_existing_keys",5000,5,500,241509,0.241509,483.018,2070316.220099458,0,0.0,"removes every tenth key, capped by lookup count"
"2026-07-16T04:15:04.576363468Z","index-only","BTREE","mixed_insert_search_delete",5000,5,1000,427048,0.427048,427.048,2341657.1439276147,0,0.0,"50% insert, 40% search, 10% delete pattern"
"2026-07-16T04:15:04.771400448Z","index-only","BTREE","memory_unique_index_after_insert",5000,5,5000,469638,0.469638,93.9276,1.0646497940967299E7,237904,0.2268829345703125,"approximate JVM heap delta after building unique index"
"2026-07-16T04:15:04.772629762Z","index-only","SKIPLIST","sequential_unique_insert",5000,5,5000,1200265,1.200265,240.053,4165746.730930253,0,0.0,"unique keys inserted in ascending order"
"2026-07-16T04:15:04.774823873Z","index-only","SKIPLIST","random_unique_insert",5000,5,5000,2143501,2.143501,428.7002,2332632.4550350104,0,0.0,"unique keys inserted in shuffled order"
"2026-07-16T04:15:04.776485055Z","index-only","SKIPLIST","equality_search_hit",5000,5,1000,618797,0.618797,618.797,1616038.8625025654,0,0.0,"random existing-key equality lookups"
"2026-07-16T04:15:04.779409413Z","index-only","SKIPLIST","equality_search_miss",5000,5,1000,114320,0.11432,114.32,8747375.78726382,0,0.0,"random absent-key equality lookups"
"2026-07-16T04:15:04.785923574Z","index-only","SKIPLIST","duplicate_key_search",5000,5,1000,5991844,5.991844,5991.844,166893.530605937,0,0.0,"age-like duplicate keys in range 18..80"
"2026-07-16T04:15:04.788570742Z","index-only","SKIPLIST","range_search",5000,5,200,846826,0.846826,4234.13,236176.02671623215,0,0.0,"ordered range query workload"
"2026-07-16T04:15:04.790074776Z","index-only","SKIPLIST","delete_existing_keys",5000,5,500,343539,0.343539,687.078,1455438.8293614406,0,0.0,"removes every tenth key, capped by lookup count"
"2026-07-16T04:15:04.790788642Z","index-only","SKIPLIST","mixed_insert_search_delete",5000,5,1000,244888,0.244888,244.888,4083499.395642089,0,0.0,"50% insert, 40% search, 10% delete pattern"
"2026-07-16T04:15:04.988478671Z","index-only","SKIPLIST","memory_unique_index_after_insert",5000,5,5000,1163265,1.163265,232.653,4298246.745152652,1935232,1.8455810546875,"approximate JVM heap delta after building unique index"
"2026-07-16T04:15:04.988687010Z","index-only","HASH_INDEX","sequential_unique_insert",5000,5,5000,174079,0.174079,34.8158,2.872259146709253E7,0,0.0,"unique keys inserted in ascending order"
"2026-07-16T04:15:04.989087669Z","index-only","HASH_INDEX","random_unique_insert",5000,5,5000,335709,0.335709,67.1418,1.4893851520215424E7,0,0.0,"unique keys inserted in shuffled order"
"2026-07-16T04:15:04.989376857Z","index-only","HASH_INDEX","equality_search_hit",5000,5,1000,118309,0.118309,118.309,8452442.333212182,0,0.0,"random existing-key equality lookups"
"2026-07-16T04:15:04.989530407Z","index-only","HASH_INDEX","equality_search_miss",5000,5,1000,19670,0.01967,19.67,5.083884087442806E7,0,0.0,"random absent-key equality lookups"
"2026-07-16T04:15:04.989920145Z","index-only","HASH_INDEX","duplicate_key_search",5000,5,1000,313859,0.313859,313.859,3186144.0965529107,0,0.0,"age-like duplicate keys in range 18..80"
"2026-07-16T04:15:04.995912249Z","index-only","HASH_INDEX","range_search",5000,5,200,5839815,5.839815,29199.075,34247.6602426618,0,0.0,"Hash Index rangeSearch is supported through full scan fallback"
"2026-07-16T04:15:04.996080518Z","index-only","HASH_INDEX","delete_existing_keys",5000,5,500,40080,0.04008,80.16,1.24750499001996E7,0,0.0,"removes every tenth key, capped by lookup count"
"2026-07-16T04:15:04.996751075Z","index-only","HASH_INDEX","mixed_insert_search_delete",5000,5,1000,59140,0.05914,59.14,1.6909029421711195E7,0,0.0,"50% insert, 40% search, 10% delete pattern"
"2026-07-16T04:15:05.193059150Z","index-only","HASH_INDEX","memory_unique_index_after_insert",5000,5,5000,139230,0.13923,27.846,3.591180061768297E7,488016,0.4654083251953125,"approximate JVM heap delta after building unique index"
"2026-07-16T04:15:05.193422038Z","index-only","RED_BLACK_TREE","sequential_unique_insert",5000,5,5000,334058,0.334058,66.8116,1.496746074035048E7,0,0.0,"unique keys inserted in ascending order"
"2026-07-16T04:15:05.194301184Z","index-only","RED_BLACK_TREE","random_unique_insert",5000,5,5000,818536,0.818536,163.7072,6108466.823694987,0,0.0,"unique keys inserted in shuffled order"
"2026-07-16T04:15:05.194807652Z","index-only","RED_BLACK_TREE","equality_search_hit",5000,5,1000,256249,0.256249,256.249,3902454.2534800135,0,0.0,"random existing-key equality lookups"
"2026-07-16T04:15:05.195109031Z","index-only","RED_BLACK_TREE","equality_search_miss",5000,5,1000,45980,0.04598,45.98,2.174858634188778E7,0,0.0,"random absent-key equality lookups"
"2026-07-16T04:15:05.196064287Z","index-only","RED_BLACK_TREE","duplicate_key_search",5000,5,1000,790077,0.790077,790.077,1265699.4191705366,0,0.0,"age-like duplicate keys in range 18..80"
"2026-07-16T04:15:05.197693800Z","index-only","RED_BLACK_TREE","range_search",5000,5,200,1358665,1.358665,6793.325,147203.32090691966,0,0.0,"ordered range query workload"
"2026-07-16T04:15:05.198246267Z","index-only","RED_BLACK_TREE","delete_existing_keys",5000,5,500,107649,0.107649,215.298,4644724.985833589,0,0.0,"removes every tenth key, capped by lookup count"
"2026-07-16T04:15:05.198564926Z","index-only","RED_BLACK_TREE","mixed_insert_search_delete",5000,5,1000,117280,0.11728,117.28,8526603.001364257,0,0.0,"50% insert, 40% search, 10% delete pattern"
"2026-07-16T04:15:05.394414162Z","index-only","RED_BLACK_TREE","memory_unique_index_after_insert",5000,5,5000,333748,0.333748,66.7496,1.4981363184198858E7,375232,0.35784912109375,"approximate JVM heap delta after building unique index"
"2026-07-16T04:15:05.395213979Z","index-only","BTREE","sequential_unique_insert",10000,5,10000,749817,0.749817,74.9817,1.3336587460673738E7,0,0.0,"unique keys inserted in ascending order"
"2026-07-16T04:15:05.397378879Z","index-only","BTREE","random_unique_insert",10000,5,10000,2066421,2.066421,206.6421,4839284.927901913,0,0.0,"unique keys inserted in shuffled order"
"2026-07-16T04:15:05.398297175Z","index-only","BTREE","equality_search_hit",10000,5,1000,357878,0.357878,357.878,2794248.319259636,0,0.0,"random existing-key equality lookups"
"2026-07-16T04:15:05.398918942Z","index-only","BTREE","equality_search_miss",10000,5,1000,57569,0.057569,57.569,1.7370459796070803E7,0,0.0,"random absent-key equality lookups"
"2026-07-16T04:15:05.401888599Z","index-only","BTREE","duplicate_key_search",10000,5,1000,2387869,2.387869,2387.869,418783.44247527816,0,0.0,"age-like duplicate keys in range 18..80"
"2026-07-16T04:15:05.404781766Z","index-only","BTREE","range_search",10000,5,200,2150010,2.15001,10750.05,93022.82314965977,0,0.0,"ordered range query workload"
"2026-07-16T04:15:05.406152600Z","index-only","BTREE","delete_existing_keys",10000,5,1000,310528,0.310528,310.528,3220321.516900247,0,0.0,"removes every tenth key, capped by lookup count"
"2026-07-16T04:15:05.406729058Z","index-only","BTREE","mixed_insert_search_delete",10000,5,1000,148190,0.14819,148.19,6748093.663540049,0,0.0,"50% insert, 40% search, 10% delete pattern"
"2026-07-16T04:15:05.600736743Z","index-only","BTREE","memory_unique_index_after_insert",10000,5,10000,768856,0.768856,76.8856,1.300633668723402E7,481304,0.45900726318359375,"approximate JVM heap delta after building unique index"
"2026-07-16T04:15:05.602994033Z","index-only","SKIPLIST","sequential_unique_insert",10000,5,10000,2213900,2.2139,221.39,4516915.849857717,0,0.0,"unique keys inserted in ascending order"
"2026-07-16T04:15:05.607917941Z","index-only","SKIPLIST","random_unique_insert",10000,5,10000,4835378,4.835378,483.5378,2068090.643585672,0,0.0,"unique keys inserted in shuffled order"
"2026-07-16T04:15:05.611729704Z","index-only","SKIPLIST","equality_search_hit",10000,5,1000,384008,0.384008,384.008,2604112.4143247018,0,0.0,"random existing-key equality lookups"
"2026-07-16T04:15:05.616202935Z","index-only","SKIPLIST","equality_search_miss",10000,5,1000,101000,0.101,101.0,9900990.099009901,0,0.0,"random absent-key equality lookups"
"2026-07-16T04:15:05.627826164Z","index-only","SKIPLIST","duplicate_key_search",10000,5,1000,11058972,11.058972,11058.972,90424.31792032749,0,0.0,"age-like duplicate keys in range 18..80"
"2026-07-16T04:15:05.636264946Z","index-only","SKIPLIST","range_search",10000,5,200,4233091,4.233091,21165.455,47246.799088420266,0,0.0,"ordered range query workload"
"2026-07-16T04:15:05.640461008Z","index-only","SKIPLIST","delete_existing_keys",10000,5,1000,263489,0.263489,263.489,3795224.8480961253,0,0.0,"removes every tenth key, capped by lookup count"
"2026-07-16T04:15:05.642889797Z","index-only","SKIPLIST","mixed_insert_search_delete",10000,5,1000,372638,0.372638,372.638,2683569.5769084203,0,0.0,"50% insert, 40% search, 10% delete pattern"
"2026-07-16T04:15:05.841231563Z","index-only","SKIPLIST","memory_unique_index_after_insert",10000,5,10000,2758528,2.758528,275.8528,3625121.8040926172,3880592,3.7008209228515625,"approximate JVM heap delta after building unique index"
"2026-07-16T04:15:05.841583891Z","index-only","HASH_INDEX","sequential_unique_insert",10000,5,10000,308618,0.308618,30.8618,3.24025170275227E7,0,0.0,"unique keys inserted in ascending order"
"2026-07-16T04:15:05.842157929Z","index-only","HASH_INDEX","random_unique_insert",10000,5,10000,465648,0.465648,46.5648,2.1475449266398653E7,0,0.0,"unique keys inserted in shuffled order"
"2026-07-16T04:15:05.842476768Z","index-only","HASH_INDEX","equality_search_hit",10000,5,1000,51980,0.05198,51.98,1.923816852635629E7,0,0.0,"random existing-key equality lookups"
"2026-07-16T04:15:05.842733126Z","index-only","HASH_INDEX","equality_search_miss",10000,5,1000,19969,0.019969,19.969,5.0077620311482795E7,0,0.0,"random absent-key equality lookups"
"2026-07-16T04:15:05.843939391Z","index-only","HASH_INDEX","duplicate_key_search",10000,5,1000,1071715,1.071715,1071.715,933083.8889070322,0,0.0,"age-like duplicate keys in range 18..80"
"2026-07-16T04:15:05.856805224Z","index-only","HASH_INDEX","range_search",10000,5,200,12198216,12.198216,60991.08,16395.84017859661,0,0.0,"Hash Index rangeSearch is supported through full scan fallback"
"2026-07-16T04:15:05.857146773Z","index-only","HASH_INDEX","delete_existing_keys",10000,5,1000,54280,0.05428,54.28,1.8422991893883567E7,0,0.0,"removes every tenth key, capped by lookup count"
"2026-07-16T04:15:05.857310302Z","index-only","HASH_INDEX","mixed_insert_search_delete",10000,5,1000,36010,0.03601,36.01,2.7770063871146902E7,0,0.0,"50% insert, 40% search, 10% delete pattern"
"2026-07-16T04:15:06.053667856Z","index-only","HASH_INDEX","memory_unique_index_after_insert",10000,5,10000,370059,0.370059,37.0059,2.7022717999021776E7,986144,0.940460205078125,"approximate JVM heap delta after building unique index"
"2026-07-16T04:15:06.054445403Z","index-only","RED_BLACK_TREE","sequential_unique_insert",10000,5,10000,732767,0.732767,73.2767,1.3646902767182473E7,0,0.0,"unique keys inserted in ascending order"
"2026-07-16T04:15:06.056374384Z","index-only","RED_BLACK_TREE","random_unique_insert",10000,5,10000,1821262,1.821262,182.1262,5490698.208165547,0,0.0,"unique keys inserted in shuffled order"
"2026-07-16T04:15:06.057264060Z","index-only","RED_BLACK_TREE","equality_search_hit",10000,5,1000,345958,0.345958,345.958,2890524.283294504,0,0.0,"random existing-key equality lookups"
"2026-07-16T04:15:06.057861288Z","index-only","RED_BLACK_TREE","equality_search_miss",10000,5,1000,58040,0.05804,58.04,1.722949689869056E7,0,0.0,"random absent-key equality lookups"
"2026-07-16T04:15:06.059466651Z","index-only","RED_BLACK_TREE","duplicate_key_search",10000,5,1000,1275335,1.275335,1275.335,784107.7050343634,0,0.0,"age-like duplicate keys in range 18..80"
"2026-07-16T04:15:06.063107134Z","index-only","RED_BLACK_TREE","range_search",10000,5,200,2305279,2.305279,11526.395,86757.39465808694,0,0.0,"ordered range query workload"
"2026-07-16T04:15:06.064033340Z","index-only","RED_BLACK_TREE","delete_existing_keys",10000,5,1000,395688,0.395688,395.688,2527243.68694527,0,0.0,"removes every tenth key, capped by lookup count"
"2026-07-16T04:15:06.064371239Z","index-only","RED_BLACK_TREE","mixed_insert_search_delete",10000,5,1000,85660,0.08566,85.66,1.1674060238150828E7,0,0.0,"50% insert, 40% search, 10% delete pattern"
"2026-07-16T04:15:06.261292761Z","index-only","RED_BLACK_TREE","memory_unique_index_after_insert",10000,5,10000,662137,0.662137,66.2137,1.5102614715685725E7,760592,0.7253570556640625,"approximate JVM heap delta after building unique index"
"2026-07-16T04:15:06.264902595Z","index-only","BTREE","sequential_unique_insert",50000,5,50000,3463655,3.463655,69.2731,1.4435617866098097E7,0,0.0,"unique keys inserted in ascending order"
"2026-07-16T04:15:06.278206776Z","index-only","BTREE","random_unique_insert",50000,5,50000,12903353,12.903353,258.06706,3874961.8025640314,0,0.0,"unique keys inserted in shuffled order"
"2026-07-16T04:15:06.282757456Z","index-only","BTREE","equality_search_hit",50000,5,1000,405398,0.405398,405.398,2466711.725267515,0,0.0,"random existing-key equality lookups"
"2026-07-16T04:15:06.288777290Z","index-only","BTREE","equality_search_miss",50000,5,1000,82460,0.08246,82.46,1.2127091923356779E7,0,0.0,"random absent-key equality lookups"
"2026-07-16T04:15:06.312336366Z","index-only","BTREE","duplicate_key_search",50000,5,1000,18932367,18.932367,18932.367,52819.59725374012,0,0.0,"age-like duplicate keys in range 18..80"
"2026-07-16T04:15:06.320375180Z","index-only","BTREE","range_search",50000,5,200,4923668,4.923668,24618.34,40620.123046476736,0,0.0,"ordered range query workload"
"2026-07-16T04:15:06.324141334Z","index-only","BTREE","delete_existing_keys",50000,5,1000,805247,0.805247,805.247,1241854.983626142,0,0.0,"removes every tenth key, capped by lookup count"
"2026-07-16T04:15:06.325728597Z","index-only","BTREE","mixed_insert_search_delete",50000,5,1000,144540,0.14454,144.54,6918500.069185001,0,0.0,"50% insert, 40% search, 10% delete pattern"
"2026-07-16T04:15:06.535496802Z","index-only","BTREE","memory_unique_index_after_insert",50000,5,50000,3230676,3.230676,64.61352,1.5476637087717865E7,2432632,2.3199386596679688,"approximate JVM heap delta after building unique index"
"2026-07-16T04:15:06.559594045Z","index-only","SKIPLIST","sequential_unique_insert",50000,5,50000,23948604,23.948604,478.97208,2087804.3663839446,0,0.0,"unique keys inserted in ascending order"
"2026-07-16T04:15:06.597631358Z","index-only","SKIPLIST","random_unique_insert",50000,5,50000,37265216,37.265216,745.30432,1341733.8034482345,0,0.0,"unique keys inserted in shuffled order"
"2026-07-16T04:15:06.623807252Z","index-only","SKIPLIST","equality_search_hit",50000,5,1000,836456,0.836456,836.456,1195520.1469055158,0,0.0,"random existing-key equality lookups"
"2026-07-16T04:15:06.646434503Z","index-only","SKIPLIST","equality_search_miss",50000,5,1000,109870,0.10987,109.87,9101665.60480568,0,0.0,"random absent-key equality lookups"
"2026-07-16T04:15:06.698069215Z","index-only","SKIPLIST","duplicate_key_search",50000,5,1000,46440615,46.440615,46440.615,21532.87591045037,0,0.0,"age-like duplicate keys in range 18..80"
"2026-07-16T04:15:06.725332245Z","index-only","SKIPLIST","range_search",50000,5,200,14701535,14.701535,73507.675,13604.021620871563,0,0.0,"ordered range query workload"
"2026-07-16T04:15:06.737244072Z","index-only","SKIPLIST","delete_existing_keys",50000,5,1000,534267,0.534267,534.267,1871723.314372776,0,0.0,"removes every tenth key, capped by lookup count"
"2026-07-16T04:15:06.743049397Z","index-only","SKIPLIST","mixed_insert_search_delete",50000,5,1000,249849,0.249849,249.849,4002417.460145928,0,0.0,"50% insert, 40% search, 10% delete pattern"
"2026-07-16T04:15:06.984260873Z","index-only","SKIPLIST","memory_unique_index_after_insert",50000,5,50000,22459811,22.459811,449.19622,2226198.608706013,19400592,18.501846313476562,"approximate JVM heap delta after building unique index"
"2026-07-16T04:15:06.986173115Z","index-only","HASH_INDEX","sequential_unique_insert",50000,5,50000,1760452,1.760452,35.20904,2.8401796811273467E7,0,0.0,"unique keys inserted in ascending order"
"2026-07-16T04:15:06.992542757Z","index-only","HASH_INDEX","random_unique_insert",50000,5,50000,5673395,5.673395,113.4679,8813065.192887152,0,0.0,"unique keys inserted in shuffled order"
"2026-07-16T04:15:06.997381165Z","index-only","HASH_INDEX","equality_search_hit",50000,5,1000,99209,0.099209,99.209,1.0079730669596508E7,0,0.0,"random existing-key equality lookups"
"2026-07-16T04:15:07.003442709Z","index-only","HASH_INDEX","equality_search_miss",50000,5,1000,39750,0.03975,39.75,2.5157232704402518E7,0,0.0,"random absent-key equality lookups"
"2026-07-16T04:15:07.016496531Z","index-only","HASH_INDEX","duplicate_key_search",50000,5,1000,11808248,11.808248,11808.248,84686.56823603298,0,0.0,"age-like duplicate keys in range 18..80"
"2026-07-16T04:15:07.081316415Z","index-only","HASH_INDEX","range_search",50000,5,200,61087180,61.08718,305435.9,3274.009374798444,0,0.0,"Hash Index rangeSearch is supported through full scan fallback"
"2026-07-16T04:15:07.085028119Z","index-only","HASH_INDEX","delete_existing_keys",50000,5,1000,43950,0.04395,43.95,2.2753128555176336E7,0,0.0,"removes every tenth key, capped by lookup count"
"2026-07-16T04:15:07.086913271Z","index-only","HASH_INDEX","mixed_insert_search_delete",50000,5,1000,72440,0.07244,72.44,1.3804527885146327E7,0,0.0,"50% insert, 40% search, 10% delete pattern"
"2026-07-16T04:15:07.291058362Z","index-only","HASH_INDEX","memory_unique_index_after_insert",50000,5,50000,3218926,3.218926,64.37852,1.553313123694052E7,5124896,4.887481689453125,"approximate JVM heap delta after building unique index"
"2026-07-16T04:15:07.295343553Z","index-only","RED_BLACK_TREE","sequential_unique_insert",50000,5,50000,4141022,4.141022,82.82044,1.2074314021997467E7,0,0.0,"unique keys inserted in ascending order"
"2026-07-16T04:15:07.307278541Z","index-only","RED_BLACK_TREE","random_unique_insert",50000,5,50000,11484950,11.48495,229.699,4353523.524264363,0,0.0,"unique keys inserted in shuffled order"
"2026-07-16T04:15:07.313857292Z","index-only","RED_BLACK_TREE","equality_search_hit",50000,5,1000,328149,0.328149,328.149,3047396.152357618,0,0.0,"random existing-key equality lookups"
"2026-07-16T04:15:07.318932049Z","index-only","RED_BLACK_TREE","equality_search_miss",50000,5,1000,63450,0.06345,63.45,1.5760441292356187E7,0,0.0,"random absent-key equality lookups"
"2026-07-16T04:15:07.341287211Z","index-only","RED_BLACK_TREE","duplicate_key_search",50000,5,1000,19287805,19.287805,19287.805,51846.231336328834,0,0.0,"age-like duplicate keys in range 18..80"
"2026-07-16T04:15:07.360136418Z","index-only","RED_BLACK_TREE","range_search",50000,5,200,13893289,13.893289,69466.445,14395.439409631514,0,0.0,"ordered range query workload"
"2026-07-16T04:15:07.367718514Z","index-only","RED_BLACK_TREE","delete_existing_keys",50000,5,1000,113839,0.113839,113.839,8784335.772450566,0,0.0,"removes every tenth key, capped by lookup count"
"2026-07-16T04:15:07.369712705Z","index-only","RED_BLACK_TREE","mixed_insert_search_delete",50000,5,1000,118509,0.118509,118.509,8438177.69114582,0,0.0,"50% insert, 40% search, 10% delete pattern"
"2026-07-16T04:15:07.576786934Z","index-only","RED_BLACK_TREE","memory_unique_index_after_insert",50000,5,50000,5168487,5.168487,103.36974,9674010.982324228,3800592,3.6245269775390625,"approximate JVM heap delta after building unique index"
"2026-07-16T04:15:07.589589987Z","index-only","BTREE","sequential_unique_insert",100000,5,100000,12494605,12.494605,124.94605,8003454.29087194,0,0.0,"unique keys inserted in ascending order"
"2026-07-16T04:15:07.623002780Z","index-only","BTREE","random_unique_insert",100000,5,100000,30013808,30.013808,300.13808,3331799.816937591,0,0.0,"unique keys inserted in shuffled order"
"2026-07-16T04:15:07.633584683Z","index-only","BTREE","equality_search_hit",100000,5,1000,808396,0.808396,808.396,1237017.5013236087,0,0.0,"random existing-key equality lookups"
"2026-07-16T04:15:07.643454310Z","index-only","BTREE","equality_search_miss",100000,5,1000,82390,0.08239,82.39,1.2137395314965408E7,0,0.0,"random absent-key equality lookups"
"2026-07-16T04:15:07.690233334Z","index-only","BTREE","duplicate_key_search",100000,5,1000,33641382,33.641382,33641.382,29725.29487641144,0,0.0,"age-like duplicate keys in range 18..80"
"2026-07-16T04:15:07.706106924Z","index-only","BTREE","range_search",100000,5,200,9351489,9.351489,46757.445,21386.968428236403,0,0.0,"ordered range query workload"
"2026-07-16T04:15:07.712655395Z","index-only","BTREE","delete_existing_keys",100000,5,1000,195909,0.195909,195.909,5104410.721304279,0,0.0,"removes every tenth key, capped by lookup count"
"2026-07-16T04:15:07.715789471Z","index-only","BTREE","mixed_insert_search_delete",100000,5,1000,151539,0.151539,151.539,6598961.323487683,0,0.0,"50% insert, 40% search, 10% delete pattern"
"2026-07-16T04:15:07.933947829Z","index-only","BTREE","memory_unique_index_after_insert",100000,5,100000,8228764,8.228764,82.28764,1.215249337567586E7,4863248,4.6379547119140625,"approximate JVM heap delta after building unique index"
"2026-07-16T04:15:07.979713697Z","index-only","SKIPLIST","sequential_unique_insert",100000,5,100000,45480670,45.48067,454.8067,2198736.298299915,0,0.0,"unique keys inserted in ascending order"
"2026-07-16T04:15:08.067844569Z","index-only","SKIPLIST","random_unique_insert",100000,5,100000,86378270,86.37827,863.7827,1157698.5739584737,0,0.0,"unique keys inserted in shuffled order"
"2026-07-16T04:15:08.108981527Z","index-only","SKIPLIST","equality_search_hit",100000,5,1000,1713492,1.713492,1713.492,583603.5417731743,0,0.0,"random existing-key equality lookups"
"2026-07-16T04:15:08.152830544Z","index-only","SKIPLIST","equality_search_miss",100000,5,1000,96840,0.09684,96.84,1.0326311441553077E7,0,0.0,"random absent-key equality lookups"
"2026-07-16T04:15:08.227268886Z","index-only","SKIPLIST","duplicate_key_search",100000,5,1000,67459713,67.459713,67459.713,14823.662235266253,0,0.0,"age-like duplicate keys in range 18..80"
"2026-07-16T04:15:08.299429008Z","index-only","SKIPLIST","range_search",100000,5,200,40379782,40.379782,201898.91,4952.973743147003,0,0.0,"ordered range query workload"
"2026-07-16T04:15:08.331111038Z","index-only","SKIPLIST","delete_existing_keys",100000,5,1000,563777,0.563777,563.777,1773750.9689114667,0,0.0,"removes every tenth key, capped by lookup count"
"2026-07-16T04:15:08.342398978Z","index-only","SKIPLIST","mixed_insert_search_delete",100000,5,1000,295118,0.295118,295.118,3388475.118427206,0,0.0,"50% insert, 40% search, 10% delete pattern"
"2026-07-16T04:15:08.629768202Z","index-only","SKIPLIST","memory_unique_index_after_insert",100000,5,100000,45003672,45.003672,450.03672,2222040.9036844815,38797912,37.000572204589844,"approximate JVM heap delta after building unique index"
"2026-07-16T04:15:08.639878227Z","index-only","HASH_INDEX","sequential_unique_insert",100000,5,100000,9031600,9.0316,90.316,1.1072235262854865E7,0,0.0,"unique keys inserted in ascending order"
"2026-07-16T04:15:08.656708133Z","index-only","HASH_INDEX","random_unique_insert",100000,5,100000,10308324,10.308324,103.08324,9700898.031532574,0,0.0,"unique keys inserted in shuffled order"
"2026-07-16T04:15:08.662422748Z","index-only","HASH_INDEX","equality_search_hit",100000,5,1000,117020,0.11702,117.02,8545547.769612033,0,0.0,"random existing-key equality lookups"
"2026-07-16T04:15:08.670257103Z","index-only","HASH_INDEX","equality_search_miss",100000,5,1000,34099,0.034099,34.099,2.9326373207425438E7,0,0.0,"random absent-key equality lookups"
"2026-07-16T04:15:08.695399473Z","index-only","HASH_INDEX","duplicate_key_search",100000,5,1000,22880220,22.88022,22880.22,43705.87345751046,0,0.0,"age-like duplicate keys in range 18..80"
"2026-07-16T04:15:08.818382540Z","index-only","HASH_INDEX","range_search",100000,5,200,120424950,120.42495,602124.75,1660.7854103323273,0,0.0,"Hash Index rangeSearch is supported through full scan fallback"
"2026-07-16T04:15:08.821487417Z","index-only","HASH_INDEX","delete_existing_keys",100000,5,1000,31050,0.03105,31.05,3.22061191626409E7,0,0.0,"removes every tenth key, capped by lookup count"
"2026-07-16T04:15:08.822791361Z","index-only","HASH_INDEX","mixed_insert_search_delete",100000,5,1000,30620,0.03062,30.62,3.2658393207054213E7,0,0.0,"50% insert, 40% search, 10% delete pattern"
"2026-07-16T04:15:09.031014684Z","index-only","HASH_INDEX","memory_unique_index_after_insert",100000,5,100000,8237774,8.237774,82.37774,1.213920168239624E7,10336240,9.857406616210938,"approximate JVM heap delta after building unique index"
"2026-07-16T04:15:09.044549824Z","index-only","RED_BLACK_TREE","sequential_unique_insert",100000,5,100000,12323596,12.323596,123.23596,8114514.627061777,0,0.0,"unique keys inserted in ascending order"
"2026-07-16T04:15:09.069536814Z","index-only","RED_BLACK_TREE","random_unique_insert",100000,5,100000,22942479,22.942479,229.42479,4358726.883873359,0,0.0,"unique keys inserted in shuffled order"
"2026-07-16T04:15:09.081244073Z","index-only","RED_BLACK_TREE","equality_search_hit",100000,5,1000,283759,0.283759,283.759,3524117.296720104,0,0.0,"random existing-key equality lookups"
"2026-07-16T04:15:09.093881747Z","index-only","RED_BLACK_TREE","equality_search_miss",100000,5,1000,83360,0.08336,83.36,1.199616122840691E7,0,0.0,"random absent-key equality lookups"
"2026-07-16T04:15:09.134132250Z","index-only","RED_BLACK_TREE","duplicate_key_search",100000,5,1000,33687972,33.687972,33687.972,29684.185204143487,0,0.0,"age-like duplicate keys in range 18..80"
"2026-07-16T04:15:09.154514840Z","index-only","RED_BLACK_TREE","range_search",100000,5,200,12424145,12.424145,62120.725,16097.687205035036,0,0.0,"ordered range query workload"
"2026-07-16T04:15:09.163231181Z","index-only","RED_BLACK_TREE","delete_existing_keys",100000,5,1000,243978,0.243978,243.978,4098730.213379895,0,0.0,"removes every tenth key, capped by lookup count"
"2026-07-16T04:15:09.166880865Z","index-only","RED_BLACK_TREE","mixed_insert_search_delete",100000,5,1000,94109,0.094109,94.109,1.062597626156903E7,0,0.0,"50% insert, 40% search, 10% delete pattern"
"2026-07-16T04:15:09.397035940Z","index-only","RED_BLACK_TREE","memory_unique_index_after_insert",100000,5,100000,10587933,10.587933,105.87933,9444714.091031743,7597912,7.245933532714844,"approximate JVM heap delta after building unique index"
